read_pct_rounded,pause,bandwidth_mean,bandwidth_std,rd_percentage_actual_mean,latency_mean,latency_std,bandwidth_smooth,latency_smooth
52,316,13.075417438822793,0.006062769683830627,0.5229703359998175,140.04768880208331,1.4761314413246347,13.075417438822793,140.04768880208331
52,236,16.754934178337894,,0.5164999231743777,145.1396484375,,16.754934178337894,145.1396484375
52,177,20.999864862715523,,0.5194888696530192,170.15950520833334,,20.999864862715523,170.15950520833334
52,133,29.97813459791734,0.19544736175307187,0.5201732954227853,187.63199869791666,0.35976819628729617,29.97813459791734,187.63199869791666
52,100,39.703443868388675,1.625946075057253,0.5242626417166198,269.794921875,4.508266086041549,39.703443868388675,269.794921875
52,74,53.34442800403352,0.7154573051347253,0.5195195089413619,337.8987630208333,16.90196970785428,53.34442800403352,337.8987630208333
52,41,59.61529462244188,,0.516471847919182,359.4407552083333,,59.61529462244188,359.4407552083333
52,0,60.42653082793437,0.6157622063047318,0.5204458747204025,355.6617838541667,4.869645528249544,60.42653082793437,355.6617838541667
52,31,60.680371490946214,0.2508496971668512,0.5185131850615726,353.3499348958333,4.060632873280161,60.680371490946214,353.3499348958333
52,55,60.73239214875501,0.3716061313279513,0.5194694404958766,362.61962890625,5.152073920344562,60.73239214875501,362.61962890625
52,10,60.81626849110169,0.5486122837977193,0.5213838051239438,357.89811197916663,1.9505282759683942,60.81626849110169,357.89811197916663
52,1,60.93624556993873,0.15495930528840945,0.5195556536453383,353.98551432291663,3.0712649027904315,60.93624556993873,353.98551432291663
53,562,8.238826965218152,,0.5315520527558384,130.86165364583334,,8.238826965218152,130.86165364583334
53,316,13.168001786434079,,0.5308698632600183,139.568359375,,13.168001786434079,139.568359375
53,100,39.527360898783634,1.5085866169897417,0.5343644109158863,262.0078125,3.5608534846861355,39.527360898783634,262.0078125
53,41,59.23217151003823,,0.5296087848715072,354.3024088541667,,59.23217151003823,354.3024088541667
53,0,59.24162377887526,,0.5271276271834123,347.6595052083333,,59.24162377887526,347.6595052083333
53,10,59.69294614814575,0.0428246744198655,0.5319692885470271,350.01383463541663,1.3854413137896247,59.69294614814575,350.01383463541663
53,55,59.695398926461245,0.32622222954087304,0.5325620119642435,360.03955078125,2.1141848259109235,59.695398926461245,360.03955078125
53,1,59.95061748486293,,0.5284051717291234,349.5247395833333,,59.95061748486293,349.5247395833333
53,31,60.17163120624579,0.048859885930791803,0.5307757221183851,347.4669596354167,1.1819639718076451,60.17163120624579,347.4669596354167
53,17,60.23306423119824,,0.5277778995785875,348.9768880208333,,60.23306423119824,348.9768880208333
54,1000,4.914709997129831,,0.5449876530211203,124.04166666666667,,4.914709997129831,124.04166666666667
54,562,8.117458412028018,,0.5369813069217565,129.79329427083334,,8.117458412028018,129.79329427083334
54,316,12.9558854131819,0.12393776916660772,0.539800702836166,138.11604817708331,0.7096387390618732,12.9558854131819,138.11604817708331
54,236,16.59810238362698,,0.5394739878220721,144.83463541666666,,16.59810238362698,144.83463541666666
54,177,21.696617548555633,2.6466327502459754,0.5389758883792266,156.5380859375,1.1214271607880402,21.696617548555633,156.5380859375
54,133,28.746803288083985,2.813129837393456,0.5421168788454811,189.75,9.250393008569327,28.746803288083985,189.75
54,100,38.73486358001482,,0.5401809685362396,270.6253255208333,,38.73486358001482,270.6253255208333
54,74,51.6449183034871,,0.5370752899227739,322.0374348958333,,51.6449183034871,322.0374348958333
54,10,59.22994489772311,0.2524230399869607,0.5413630944859285,343.4581705729167,0.822425953508963,59.22994489772311,343.4581705729167
54,55,59.55404084583856,0.6961560040765599,0.5412796560442674,354.15673828125,1.683291631125371,59.55404084583856,354.15673828125
54,0,59.6752123662094,0.8083354515635828,0.5410516087251566,346.3704427083333,3.1110856948299017,59.6752123662094,346.3704427083333
54,41,59.79745600028998,,0.5367968070973991,351.6770833333333,,59.79745600028998,351.6770833333333
54,1,59.86853996413593,,0.5381048712257446,343.98046875,,59.86853996413593,343.98046875
54,31,60.13633387913791,,0.5380401165482147,346.2587890625,,60.13633387913791,346.2587890625
54,17,60.46374047956444,,0.5380745033082086,344.6809895833333,,60.46374047956444,344.6809895833333
55,1000,4.9407686170312015,,0.5521282021621294,124.99283854166667,,4.9407686170312015,124.99283854166667
55,562,8.568524162395684,,0.5487704979225752,129.40169270833334,,8.568524162395684,129.40169270833334
55,316,12.542119570260713,,0.5528628340717875,136.47200520833334,,12.542119570260713,136.47200520833334
55,236,15.725257060934851,,0.5481765221027012,145.27083333333334,,15.725257060934851,145.27083333333334
55,177,19.670705163801017,0.5523808653269129,0.5488153228554264,153.68359375,1.3741625923449508,19.670705163801017,153.68359375
55,133,25.813971855489406,,0.5517072579280266,178.80078125,,25.813971855489406,178.80078125
55,100,37.15726028119351,,0.5461507760397701,247.16471354166666,,37.15726028119351,247.16471354166666
55,10,58.82513179883481,,0.5497536052346814,339.5169270833333,,58.82513179883481,339.5169270833333
55,55,59.31467312320158,,0.54961649209312,350.7584635416667,,59.31467312320158,350.7584635416667
55,31,59.38345626980768,0.6901059256334664,0.5507830699870371,339.53873697916663,1.2254676116657417,59.38345626980768,339.53873697916663
55,17,59.38797783562286,0.14412506091266503,0.5500475437082899,339.8084309895833,2.927173481884546,59.38797783562286,339.8084309895833
55,1,59.74985290038061,0.577684557966344,0.550476177175595,343.6583116319444,4.442800878902756,59.74985290038061,343.6583116319444
55,0,59.94527454632852,0.4295330301222457,0.5484980755391515,338.771484375,0.1422499969965125,59.94527454632852,338.771484375
56,1000,4.923552056572726,0.021635469486164762,0.5608389392663795,124.45735677083334,0.46173704526699516,4.923552056572726,124.45735677083334
56,562,8.109654477397642,0.46474648987336636,0.5564414679111125,129.1636284722222,0.916158265436781,8.109654477397642,129.1636284722222
56,316,12.506601803484463,0.7462358251870258,0.5591879630139313,136.78515625,1.8995459398841386,12.506601803484463,136.78515625
56,236,15.999730866205844,0.4229648815914183,0.5595341058323247,143.35628255208334,1.5295327346955105,15.999730866205844,143.35628255208334
56,177,19.42399033608509,0.25236057374030046,0.5600555957919542,154.52327473958334,1.0737803171338685,19.42399033608509,154.52327473958334
56,153,23.55501627624241,,0.564229821333244,164.4560546875,,23.55501627624241,164.4560546875
56,133,27.580959270337278,,0.5643687883135912,177.96842447916666,,27.580959270337278,177.96842447916666
56,100,38.11971775278943,1.4645606403846694,0.5591845030409347,249.35959201388889,4.915418071217215,38.11971775278943,249.35959201388889
56,31,58.81810250390837,,0.5560081228216263,336.56445312499994,,58.81810250390837,336.56445312499994
56,17,58.35221821612629,0.03736077708173895,0.5601748059217531,336.232421875,2.472571954266215,58.35221821612629,336.232421875
56,10,59.47123572223184,0.6026777064119873,0.5600006731272109,335.43245442708337,2.4769453360509237,59.47123572223184,335.43245442708337
56,1,59.67387510624795,0.02613290463919289,0.5612249014563981,332.06233723958337,3.124205840183949,59.67387510624795,332.06233723958337
56,0,59.5391296923794,0.5626561582409185,0.5606853666682767,335.67529296875,1.186567531580908,59.5391296923794,335.67529296875
57,1000,4.878475012302153,,0.569667519767637,126.9326171875,,4.878475012302153,126.9326171875
57,562,7.778320546361662,0.49056937729794214,0.5733182778018818,129.64973958333334,1.0372823892977774,7.778320546361662,129.64973958333334
57,316,12.156050700416479,,0.5700225766965787,136.47591145833334,,12.156050700416479,136.47591145833334
57,236,15.192334569946585,0.6959385881832378,0.569064207245204,144.2412109375,0.039590614050795905,15.192334569946585,144.2412109375
57,177,19.832044229636622,,0.574113691201299,151.69466145833334,,19.832044229636622,151.69466145833334
57,133,25.43094871971807,0.07263037051382568,0.5690299206768801,177.224609375,3.1746148197020907,25.43094871971807,177.224609375
57,100,36.91526532449338,,0.569671467425756,232.7607421875,,36.91526532449338,232.7607421875
57,74,50.28402018360827,,0.5746650481535919,299.5244140625,,50.28402018360827,299.5244140625
57,55,58.77642014719747,0.06291017907434737,0.57057258824863,341.62646484375,2.1961281898765854,58.77642014719747,341.62646484375
57,31,58.803983890347986,0.8980303096870775,0.571001546392562,338.7039930555556,14.666959573007611,58.803983890347986,338.7039930555556
57,0,58.815771181648074,0.06978751031366473,0.5720097635107626,330.1458333333333,3.9401868100101956,58.815771181648074,330.1458333333333
57,17,59.01169638490747,,0.5673621113419512,329.78417968749994,,59.01169638490747,329.78417968749994
57,10,59.061489991434534,0.4516188504566542,0.5709382445145215,329.63639322916663,0.5234247462298657,59.061489991434534,329.63639322916663
57,1,59.202639368991214,0.4654519547088564,0.5720423879029756,328.7760416666667,0.9280776503073436,59.202639368991214,328.7760416666667
57,41,59.404304449069684,,0.573573441953128,334.79394531249994,,59.404304449069684,334.79394531249994
59,1000,4.817103551284475,0.2944424859192949,0.5878047213259989,124.68098958333333,0.8722333007022549,4.817103551284475,124.68098958333333
59,562,7.4071942372708905,,0.5945769820061441,128.4228515625,,7.4071942372708905,128.4228515625
59,316,12.219698787432069,0.5394665369724385,0.5880888048197188,136.17529296875,0.16779975373860453,12.219698787432069,136.17529296875
59,236,15.26916018479945,,0.5930272591083302,142.18196614583334,,15.26916018479945,142.18196614583334
59,177,18.39756543212579,0.12783119000817017,0.5908753317497438,156.14388020833334,6.257618799914544,18.39756543212579,156.14388020833334
59,100,36.201125632014396,1.7224605145821617,0.5884122226769705,235.05338541666666,3.909803315506086,36.201125632014396,235.05338541666666
59,74,48.22628583782577,1.7309732453178637,0.5909859633741057,279.21988932291663,1.2307617054050672,48.22628583782577,279.21988932291663
59,31,58.563601147591484,0.0720494017880542,0.5904124124963842,321.10595703125,5.836623258641721,58.563601147591484,321.10595703125
59,1,58.58984137377385,,0.5869131973470513,325.4912109375,,58.58984137377385,325.4912109375
59,0,58.82127384663034,0.17832078580373303,0.5903026159442898,320.7335611979167,0.18575363685466922,58.82127384663034,320.7335611979167
59,10,59.29548833750557,,0.5867932399933248,323.6513671875,,59.29548833750557,323.6513671875
59,41,59.31708447401207,1.2843908382312974,0.5923354408603736,328.12060546875,1.3016565259147699,59.31708447401207,328.12060546875
60,1000,4.581788282746162,0.11234083498603217,0.5973710940730612,124.70035807291666,0.8560319398544258,4.581788282746162,124.70035807291666
60,562,7.611323235918098,0.532909829786081,0.6001620318857791,127.79508463541666,0.8334744969649878,7.611323235918098,127.79508463541666
60,316,12.865505958795666,1.8140747451107038,0.6004822287707686,138.42106119791666,2.519758441943078,12.865505958795666,138.42106119791666
60,177,18.2637516888711,,0.6008023744279325,151.31803385416666,,18.2637516888711,151.31803385416666
60,100,34.42988665342017,0.3409963282611436,0.5991682870766659,232.55550130208331,2.345283526533113,34.42988665342017,232.55550130208331
60,74,48.03338117904222,,0.6049846343726358,279.0751953125,,48.03338117904222,279.0751953125
60,41,58.19411382455929,,0.6040473727105915,325.0904947916667,,58.19411382455929,325.0904947916667
60,31,59.00287233473668,,0.6006831674016141,317.7848307291667,,59.00287233473668,317.7848307291667
60,10,58.72423255790555,0.30528334959204306,0.6005268106382913,321.23876953125,1.8738790057420578,58.72423255790555,321.23876953125
60,1,58.74612682724366,0.5822202025467274,0.5994736854307907,319.14567057291663,1.1658515126008735,58.74612682724366,319.14567057291663
60,0,58.377786023153945,,0.600729816554249,320.6220703125,,58.377786023153945,320.6220703125
61,1000,4.540345977902384,,0.6053341235863905,124.11653645833333,,4.540345977902384,124.11653645833333
61,562,7.834614224292217,,0.607236251098298,127.26920572916667,,7.834614224292217,127.26920572916667
61,316,11.258264929760045,0.14108437215992015,0.611787356172441,136.26383463541669,1.122578050731361,11.258264929760045,136.26383463541669
61,100,33.913727109381725,,0.6099382477130308,233.28092447916666,,33.913727109381725,233.28092447916666
61,74,47.58638069683059,,0.6081227324807168,272.0387369791667,,47.58638069683059,272.0387369791667
61,0,58.19758971362698,0.19927968328116152,0.6123597315431195,315.52490234375,2.1399647606417096,58.19758971362698,315.52490234375
61,31,58.25364751367965,0.8051564180262519,0.6113425234246486,314.3284505208333,2.0660776262794434,58.25364751367965,314.3284505208333
61,41,58.74336968539057,,0.6109274397162332,321.8404947916667,,58.74336968539057,321.8404947916667
61,10,58.940932714237874,,0.6075584116304755,317.609375,,58.940932714237874,317.609375
61,1,59.10838406828013,,0.610001167505606,324.83984375,,59.10838406828013,324.83984375
65,1000,4.372166409999134,,0.6536752390478323,123.85384114583333,,4.372166409999134,123.85384114583333
65,562,6.6270581436862095,,0.6504649539817836,127.1455078125,,6.6270581436862095,127.1455078125
65,316,10.98932763952988,0.3875796942125624,0.6492388457774494,133.8203125,1.098409361921304,10.98932763952988,133.8203125
65,177,17.665088524871372,,0.6549421024865941,149.580078125,,17.665088524871372,149.580078125
65,100,34.7336437677144,,0.6512282474701132,222.60481770833334,,34.7336437677144,222.60481770833334
65,74,44.42079449275212,1.0182611557572205,0.6504153774139125,252.90006510416669,4.18923939374841,44.42079449275212,252.90006510416669
65,55,56.18697987752501,,0.6454959774953488,311.4694010416667,,56.18697987752501,311.4694010416667
65,41,57.16767680016043,0.24750024880513344,0.6496066083329877,307.38688151041663,1.3849809578123564,57.16767680016043,307.38688151041663
65,31,57.4620315452743,0.9785348527254908,0.6495980064518794,302.0771484375,0.7536027348974086,57.4620315452743,302.0771484375
65,1,57.46969559474435,0.8474887999080711,0.6495212180039143,304.44189453125,3.931209868452163,57.46969559474435,304.44189453125
65,10,57.82692397935712,0.10467603764480626,0.6501030352523307,308.25455729166663,0.6288462650395922,57.82692397935712,308.25455729166663
65,0,57.82968174766608,,0.6453709940178356,306.3616536458333,,57.82968174766608,306.3616536458333
65,3,58.0188867179165,,0.6535163332156271,303.2151692708333,,58.0188867179165,303.2151692708333
67,3162,2.4962289432450477,,0.6717548021855904,122.07486979166667,,2.4962289432450477,122.07486979166667
67,1000,4.230175177415163,0.0026011953791943367,0.6702627063433072,123.95865885416667,0.5192815424338708,4.230175177415163,123.95865885416667
67,562,6.5001464042478325,,0.6651865165251708,126.150390625,,6.5001464042478325,126.150390625
67,316,10.290743574756595,0.1608837613214157,0.6699218292442375,133.95035807291666,0.938435659797381,10.290743574756595,133.95035807291666
67,236,13.169401539077528,,0.6718005567392648,139.5908203125,,13.169401539077528,139.5908203125
67,177,16.209008715012008,,0.6684165919224373,148.98990885416666,,16.209008715012008,148.98990885416666
67,100,31.93303387521348,,0.6726304204571426,212.61165364583334,,31.93303387521348,212.61165364583334
67,74,42.681457829908986,,0.6660238531259338,246.01692708333334,,42.681457829908986,246.01692708333334
67,3,56.972440128093716,,0.6705216819893387,298.01171875,,56.972440128093716,298.01171875
67,10,56.98532511436026,,0.6719962665935739,297.9606119791667,,56.98532511436026,297.9606119791667
67,31,57.266964638067556,,0.6716195640746189,295.9267578125,,57.266964638067556,295.9267578125
67,1,57.59774089907728,,0.6723506755879579,298.0673828125,,57.59774089907728,298.0673828125
67,41,57.96001751683359,,0.6650132930173901,305.9440104166667,,57.96001751683359,305.9440104166667
67,0,58.54606458206116,,0.6706400707635685,294.8098958333333,,58.54606458206116,294.8098958333333
68,3162,1.8748749249938317,,0.6785264231355331,121.0400390625,,1.8748749249938317,121.0400390625
68,1000,4.112939324348881,,0.6798887663867024,124.10611979166667,,4.112939324348881,124.10611979166667
68,236,13.223447380544906,,0.6813603096454564,138.1845703125,,13.223447380544906,138.1845703125
68,177,15.993225688545351,,0.6773157114577263,148.31119791666666,,15.993225688545351,148.31119791666666
68,133,23.744744572974653,,0.684624639781605,165.60742187500003,,23.744744572974653,165.60742187500003
68,74,42.88736650913227,,0.6804730954335627,244.1005859375,,42.88736650913227,244.1005859375
68,55,51.884752934539684,5.64880271130659,0.6808297504395986,297.3193359375,1.642089771153916,51.884752934539684,297.3193359375
68,17,56.779938877336185,,0.6769345263699454,297.3072916666667,,56.779938877336185,297.3072916666667
68,31,57.080569394032395,,0.6798005724953844,295.966796875,,57.080569394032395,295.966796875
68,1,57.24820121422698,,0.6810597992744057,298.4287109375,,57.24820121422698,298.4287109375
68,3,57.628974982201235,,0.6793631277441292,301.6695963541667,,57.628974982201235,301.6695963541667
68,0,57.67220631264192,,0.6800668606740343,301.2239583333333,,57.67220631264192,301.2239583333333
68,10,58.334015850340066,,0.68068326095054,295.9915364583333,,58.334015850340066,295.9915364583333
69,1000,4.449743324168313,,0.6932837259103561,122.75032552083333,,4.449743324168313,122.75032552083333
69,562,6.241236360919111,,0.6897862194830472,126.54427083333333,,6.241236360919111,126.54427083333333
69,316,9.880811593178919,0.11266596497714446,0.6883673769752183,133.2021484375,1.331809842430145,9.880811593178919,133.2021484375
69,177,16.691308547872026,,0.6901326460206098,146.10774739583334,,16.691308547872026,146.10774739583334
69,100,31.27493962700227,0.16764797278321458,0.6880745640522227,208.52522786458331,3.471774603071845,31.27493962700227,208.52522786458331
69,74,41.763724065986885,,0.693543335199212,240.01822916666666,,41.763724065986885,240.01822916666666
69,55,55.242060101765276,,0.6890572125969272,295.5638020833333,,55.242060101765276,295.5638020833333
69,31,56.85954531791779,,0.689262025523753,287.7509765625,,56.85954531791779,287.7509765625
69,3,57.51416716822001,,0.6900408363670723,294.2845052083333,,57.51416716822001,294.2845052083333
69,41,57.59094294469032,,0.6898405314058641,297.5615234375,,57.59094294469032,297.5615234375
69,10,58.17874440690142,,0.6888718766511353,291.7906901041667,,58.17874440690142,291.7906901041667
69,0,58.22757612116067,,0.6889555812998179,293.1295572916667,,58.22757612116067,293.1295572916667
69,1,58.30543455411875,,0.6900497048217091,293.615234375,,58.30543455411875,293.615234375
71,10000,1.143334336471363,,0.7075868952187827,121.794921875,,1.143334336471363,121.794921875
71,1000,3.9785236360437626,,0.7136195419787758,123.775390625,,3.9785236360437626,123.775390625
71,316,9.885242077524387,,0.7084182866630927,132.67024739583334,,9.885242077524387,132.67024739583334
71,236,12.311248238554686,,0.7061372565378233,138.92220052083334,,12.311248238554686,138.92220052083334
71,177,16.487724317282968,,0.705907196246873,145.88802083333334,,16.487724317282968,145.88802083333334
71,100,31.124562397912722,,0.7124516884015857,202.78092447916666,,31.124562397912722,202.78092447916666
71,74,40.85283835757266,,0.7103310160988955,237.87337239583334,,40.85283835757266,237.87337239583334
71,55,54.58022156593541,,0.7079190538009764,287.1370442708333,,54.58022156593541,287.1370442708333
71,31,57.40903450496825,,0.708280414417291,283.1389973958333,,57.40903450496825,283.1389973958333
71,10,57.00451272946277,,0.7078213371303652,284.8375651041667,,57.00451272946277,284.8375651041667
71,3,57.57055571726197,,0.7079000887815585,291.3759765625,,57.57055571726197,291.3759765625
71,1,57.24911136475786,,0.707662554080659,288.6438802083333,,57.24911136475786,288.6438802083333
71,0,57.43287417282144,,0.7075857007626118,289.0634765625,,57.43287417282144,289.0634765625
72,10000,1.066190648980972,0.24328995129432113,0.7202385713566088,120.75726996527777,0.424465478261633,1.066190648980972,120.75726996527777
72,1000,3.8431530775630294,,0.7200195437020572,122.466796875,,3.8431530775630294,122.466796875
72,562,6.655587488438656,,0.7196400647791975,125.99869791666667,,6.655587488438656,125.99869791666667
72,316,9.817617553698247,,0.7176692224437031,131.88671875,,9.817617553698247,131.88671875
72,177,15.627617599125312,0.7841054892071679,0.7196545219864876,149.91080729166669,6.073476408980564,15.627617599125312,149.91080729166669
72,100,29.38968017611593,,0.7196413157734293,201.88020833333334,,29.38968017611593,201.88020833333334
72,74,40.85336416541992,,0.7200696523898472,230.34733072916666,,40.85336416541992,230.34733072916666
72,55,54.044663760997665,,0.7179225676160184,282.7034505208333,,54.044663760997665,282.7034505208333
72,31,55.83614049155526,,0.7183008987783392,281.1145833333333,,55.83614049155526,281.1145833333333
72,10,56.910657194167335,,0.7191633743614745,281.2180989583333,,56.910657194167335,281.2180989583333
72,1,57.383998780112464,,0.7175508301090502,283.814453125,,57.383998780112464,283.814453125
72,0,57.014711295258664,,0.7175897183128123,284.5517578125,,57.014711295258664,284.5517578125
74,10000,1.3218362383949562,,0.7408295701738995,120.4951171875,,1.3218362383949562,120.4951171875
74,1000,3.653810040296885,0.03790149603064571,0.7395639148181753,124.11832682291666,0.45690330750497776,3.653810040296885,124.11832682291666
74,316,9.661455363078355,,0.7381585788440315,131.3095703125,,9.661455363078355,131.3095703125
74,177,15.29678679888868,1.0706377561821658,0.7396036320152956,145.15397135416669,0.41800322742016927,15.29678679888868,145.15397135416669
74,100,29.349250646150825,,0.7427079438732713,186.68977864583334,,29.349250646150825,186.68977864583334
74,55,50.60548446644003,,0.7393718143142465,267.693359375,,50.60548446644003,267.693359375
74,17,56.210084940144256,,0.7402466897678327,271.6656901041667,,56.210084940144256,271.6656901041667
74,3,56.410176531048215,,0.7402633592928801,276.9036458333333,,56.410176531048215,276.9036458333333
74,1,56.49864957016096,,0.7381512138116042,281.4495442708333,,56.49864957016096,281.4495442708333
74,10,57.21376753233505,,0.7390819012252777,278.732421875,,57.21376753233505,278.732421875
74,31,57.396784755039846,,0.7404407810089333,300.8746744791667,,57.396784755039846,300.8746744791667
74,0,58.73327561518308,,0.7397860853209856,313.6318359375,,58.73327561518308,313.6318359375
75,10000,1.502899804600067,1.1349453446274897,0.7479963866544214,121.50079055059523,2.135289455498478,1.502899804600067,121.50079055059523
75,1000,3.829916499840044,,0.7517014585928335,122.52962239583333,,3.829916499840044,122.52962239583333
75,100,27.55581376511042,,0.7506885808832469,195.8486328125,,27.55581376511042,195.8486328125
75,74,39.492316315007436,,0.7505484460691947,225.67122395833334,,39.492316315007436,225.67122395833334
75,55,52.991441611180655,,0.7491750517168175,275.7542317708333,,52.991441611180655,275.7542317708333
75,0,54.850011960100346,,0.7489463060907167,270.4348958333333,,54.850011960100346,270.4348958333333
75,10,56.19335843840623,,0.7495106744140648,273.1399739583333,,56.19335843840623,273.1399739583333
75,3,56.41421425041855,,0.749943155490944,270.7151692708333,,56.41421425041855,270.7151692708333
75,31,56.95606758214584,,0.7507729034103431,269.9482421875,,56.95606758214584,269.9482421875
75,1,57.147598248295424,,0.7499919519569003,271.6985677083333,,57.147598248295424,271.6985677083333
76,10000,0.8197670745907121,,0.7553399677358162,120.33756510416667,,0.8197670745907121,120.33756510416667
76,1000,3.5387463434425017,,0.7624223380911802,122.8759765625,,3.5387463434425017,122.8759765625
76,316,8.935595837069748,,0.7580024504876606,131.76236979166666,,8.935595837069748,131.76236979166666
76,177,14.279446545580221,,0.755115319940944,144.97233072916666,,14.279446545580221,144.97233072916666
76,100,28.35081572144553,,0.7615728038245096,201.35188802083334,,28.35081572144553,201.35188802083334
76,74,37.95805437512153,,0.7609988984866615,255.40169270833334,,37.95805437512153,255.40169270833334
76,55,52.54128507896758,,0.7628548797447187,256.9632161458333,,52.54128507896758,256.9632161458333
76,31,55.54528656642192,,0.7601424732228511,267.5276692708333,,55.54528656642192,267.5276692708333
76,1,55.62496278008088,,0.7602891788814037,271.0257161458333,,55.62496278008088,271.0257161458333
76,3,56.5307251312476,,0.7601924872418476,265.9557291666667,,56.5307251312476,265.9557291666667
76,10,56.96512066115548,,0.7601389545759818,268.9554036458333,,56.96512066115548,268.9554036458333
76,0,57.153494618569006,,0.7613357899084854,266.4899088541667,,57.153494618569006,266.4899088541667
77,10000,1.041289500836373,0.09542923563503511,0.7699514334187612,120.42643229166667,0.29289450375750176,1.041289500836373,120.42643229166667
77,1000000,1.5692627073907552,,0.7685253618547211,121.68229166666667,,1.5692627073907552,121.68229166666667
77,10000000,2.320594112398243,,0.7696738993985661,121.6787109375,,2.320594112398243,121.6787109375
77,1000,3.907004867707261,,0.7735166662573265,122.17350260416667,,3.907004867707261,122.17350260416667
77,316,9.387771247134202,,0.7702212630071642,131.48860677083334,,9.387771247134202,131.48860677083334
77,177,14.789505740576104,,0.7655160201630853,142.46907552083334,,14.789505740576104,142.46907552083334
77,100,28.72000475109395,,0.7735328264914311,196.2333984375,,28.72000475109395,196.2333984375
77,55,50.40512340406618,,0.77305898743468,258.0276692708333,,50.40512340406618,258.0276692708333
77,1,55.66403658586301,,0.7717524133498797,263.7958984375,,55.66403658586301,263.7958984375
77,17,56.06385847644007,,0.7738876659218081,260.6975911458333,,56.06385847644007,260.6975911458333
77,10,56.342439781664496,,0.7718525438459021,263.7965494791667,,56.342439781664496,263.7965494791667
77,0,56.4510878726584,,0.7717293547372722,266.4342447916667,,56.4510878726584,266.4342447916667
77,31,56.667960638251195,,0.7724585474286937,265.9576822916667,,56.667960638251195,265.9576822916667
77,3,56.88483736754279,,0.771775127463347,265.6220703125,,56.88483736754279,265.6220703125
80,1000000000,0.579941210361152,,0.8015198572491959,120.79264322916667,,0.579941210361152,120.79264322916667
80,10000000,0.574469442138791,0.06637066351100988,0.8018007861817825,120.18131510416666,0.07089482050958708,0.574469442138791,120.18131510416666
80,1000000,0.47600674750802263,,0.7967672697967115,121.09765625,,0.0,121.09765625
80,1000000,0.47600674750802263,,0.7967672697967115,121.09765625,,0.47600674750802263,121.09765625
80,10000,0.9463870442715265,0.12066370576962186,0.8000730550447438,120.59559461805556,0.3226542620135336,0.9463870442715265,120.59559461805556
80,3162,1.5342164984238036,,0.7957899002043513,120.623046875,,1.5342164984238036,120.623046875
80,1000,3.251662658875303,,0.8045624240136162,122.67903645833333,,3.251662658875303,122.67903645833333
80,316,8.330793149905329,,0.8024096657362262,129.85091145833334,,8.330793149905329,129.85091145833334
80,177,13.600481088996734,,0.7992778058773375,141.70833333333334,,13.600481088996734,141.70833333333334
80,100,26.648778075718813,,0.7967304253254541,195.28678385416666,,26.648778075718813,195.28678385416666
80,55,48.75346247711935,,0.7959566535730108,251.82747395833334,,48.75346247711935,251.82747395833334
80,0,55.59483086548119,,0.7964106151914792,256.8258463541667,,55.59483086548119,256.8258463541667
80,10,55.6730930614499,,0.7958977767641631,265.2083333333333,,55.6730930614499,265.2083333333333
80,22,55.70722308384595,,0.797212441936906,257.560546875,,55.70722308384595,257.560546875
80,31,55.92277825507332,,0.796859575357258,262.2493489583333,,55.92277825507332,262.2493489583333
80,5,55.9344285280106,,0.7963643203885614,257.8990885416667,,55.9344285280106,257.8990885416667
80,1,55.98719936456762,,0.7963156299571257,259.6240234375,,55.98719936456762,259.6240234375
80,17,56.1389357323878,,0.7960684474042081,256.3704427083333,,56.1389357323878,256.3704427083333
80,3,56.2396936172105,,0.7962931680824911,258.880859375,,56.2396936172105,258.880859375
80,13,56.35656666708665,,0.7969893018928594,259.6946614583333,,56.35656666708665,259.6946614583333
81,10000000,0.4707389741087229,0.2175574957427184,0.8146132349557184,124.6201171875,5.522430304110564,0.4707389741087229,124.6201171875
81,1000000,0.46228858142017454,0.014426089184249462,0.8089558798452988,121.31325954861113,0.8738668663427968,0.46228858142017454,121.31325954861113
81,100000,0.36914061632372863,0.02442760906714261,0.8060782856055442,120.35302734375,0.26999878070697275,0.0,120.35302734375
81,100000,0.36914061632372863,0.02442760906714261,0.8060782856055442,120.35302734375,0.26999878070697275,0.36914061632372863,120.35302734375
81,10000,1.036701513892692,,0.8053389870698932,120.58984375,,1.036701513892692,120.58984375
81,1000,3.754049584522947,,0.8102193094656613,122.01888020833333,,3.754049584522947,122.01888020833333
81,316,8.568561594650557,,0.8140815587774554,129.88346354166666,,8.568561594650557,129.88346354166666
81,177,15.063887055169342,1.3296818296933268,0.8077142472425805,144.54703776041669,4.049060998649924,15.063887055169342,144.54703776041669
81,100,26.169507366820422,,0.8096272246156576,190.15625,,26.169507366820422,190.15625
81,74,36.88303925274354,,0.808770465412802,208.42740885416666,,36.88303925274354,208.42740885416666
81,55,47.35098767278636,,0.8085415928075403,245.92317708333334,,47.35098767278636,245.92317708333334
81,31,55.99679544584653,,0.8093783487771029,259.1220703125,,55.99679544584653,259.1220703125
81,17,55.87399297125575,,0.808898024074052,255.28971354166666,,55.87399297125575,255.28971354166666
81,10,56.32320071468604,,0.8092562224432462,253.18880208333334,,56.32320071468604,253.18880208333334
81,3,55.92716342265816,,0.809422890524833,254.244140625,,55.92716342265816,254.244140625
81,1,55.85085917800519,,0.809160104007583,252.30859375,,55.85085917800519,252.30859375
81,0,56.11001710010983,,0.8087568676133576,254.84830729166666,,56.11001710010983,254.84830729166666
84,100000,0.3707970240854998,0.09740157260016528,0.8390467900625193,121.00396050347223,0.5631880112152652,0.3707970240854998,121.00396050347223
84,10000000,0.3782207255427305,0.153731521918147,0.8391722477928585,120.36823640046298,0.12889893151033024,0.3782207255427305,120.36823640046298
84,1000000,0.38917477964366065,0.20219568583970768,0.8402443240160506,120.67557779947917,0.41804519540503826,0.38917477964366065,120.67557779947917
84,100000000,0.5178290372051405,,0.8407668299337933,120.3447265625,,0.5178290372051405,120.3447265625
84,316,8.343522418814766,,0.8388854078056452,129.74479166666666,,8.343522418814766,129.74479166666666
84,177,13.683400436592077,,0.8362991134607553,140.81608072916666,,13.683400436592077,140.81608072916666
84,100,27.04822405368695,,0.8354951244760208,185.185546875,,27.04822405368695,185.185546875
84,55,45.73753594410108,,0.8352453549971537,240.58561197916666,,45.73753594410108,240.58561197916666
84,17,55.83617069676067,,0.8374166825156512,248.14192708333334,,55.83617069676067,248.14192708333334
84,0,56.062477155180396,,0.8379652653376229,246.56380208333334,,56.062477155180396,246.56380208333334
84,5,56.07944490417224,,0.8389941166689233,246.27571614583334,,56.07944490417224,246.27571614583334
84,3,56.76989981269198,,0.8397919985236821,247.87467447916666,,56.76989981269198,247.87467447916666
84,1,56.82615601463189,,0.8372866766180693,247.15592447916666,,56.82615601463189,247.15592447916666
84,10,57.30346760687528,,0.8381129210285442,248.39908854166666,,57.30346760687528,248.39908854166666
85,1000000000,0.43281168125319247,0.2259554542802566,0.847972973815542,120.8359375,0.33744093138654235,0.43281168125319247,120.8359375
85,100000000,0.3945572841838128,,0.8546644692050394,120.32421875,,0.3945572841838128,120.32421875
85,10000000,0.37287746652509834,0.12656841841956593,0.8496040421692654,120.4013671875,0.374011491157369,0.0,120.4013671875
85,10000000,0.37287746652509834,0.12656841841956593,0.8496040421692654,120.4013671875,0.374011491157369,0.37287746652509834,120.4013671875
85,1000000,0.4156883165120933,0.09609630000445724,0.8505746873665413,120.38100733901516,0.19904162215820706,0.4156883165120933,120.38100733901516
85,100000,0.42778066026363964,0.08993005461027055,0.8507101502311661,120.46831597222223,0.18612627312436575,0.42778066026363964,120.46831597222223
85,10000,0.850470577161882,0.10054473555151351,0.8489474087942132,120.53489583333332,0.21163140591462232,0.850470577161882,120.53489583333332
85,1000,3.245079967375334,,0.8451847016792937,121.880859375,,3.245079967375334,121.880859375
85,316,8.070911063744122,,0.8512904075558165,128.89973958333334,,8.070911063744122,128.89973958333334
85,177,12.751498716265155,,0.8509779158241005,141.0673828125,,12.751498716265155,141.0673828125
85,100,25.398424799590746,,0.8491220235711583,189.38444010416666,,25.398424799590746,189.38444010416666
85,55,46.33605533304137,,0.8493275031690627,234.755859375,,46.33605533304137,234.755859375
85,31,55.28049583064325,,0.8465748088724406,258.583984375,,55.28049583064325,258.583984375
86,1000000000,0.3483361308578791,,0.8575544473685583,120.61881510416667,,0.3483361308578791,120.61881510416667
86,100000000,0.2740115926783366,0.040594598790921727,0.8634435529960323,120.935546875,0.49338650528575295,0.0,120.935546875
86,100000000,0.2740115926783366,0.040594598790921727,0.8634435529960323,120.935546875,0.49338650528575295,0.2740115926783366,120.935546875
86,10000000,0.2916739084699186,0.10392719469616366,0.8571251310353306,120.6634765625,0.2287260964648548,0.2916739084699186,120.6634765625
86,1000000,0.3376501848700932,0.12033280793617297,0.8605197023200412,120.33825231481481,0.22159664527889536,0.3376501848700932,120.33825231481481
86,100000,0.46348887085676527,0.12420621275816011,0.8603983103925887,120.73196614583333,0.16233303262733623,0.46348887085676527,120.73196614583333
86,10000,1.7189413198517047,,0.8581600760261454,120.82486979166667,,1.7189413198517047,120.82486979166667
86,1000,3.280585000874935,0.04391696353308824,0.8591475311373581,122.19775390625,1.0015044286922816,3.280585000874935,122.19775390625
86,316,8.34702405922328,,0.8642662644304755,129.14192708333334,,8.34702405922328,129.14192708333334
86,100,24.458486626618534,,0.8632746722997209,186.51204427083334,,24.458486626618534,186.51204427083334
86,55,46.413363276425144,,0.8647986008441695,231.869140625,,46.413363276425144,231.869140625
86,17,55.23622448792614,,0.8568527740859407,247.4287109375,,55.23622448792614,247.4287109375
86,10,55.22367564881598,,0.8584420344712199,246.55891927083334,,55.22367564881598,246.55891927083334
86,1,55.95436523645037,,0.8556995151255208,244.88509114583334,,55.95436523645037,244.88509114583334
86,0,55.96241059494521,,0.8566696164414853,247.7060546875,,55.96241059494521,247.7060546875
88,10000000,0.2293967408911709,,0.8753288747748157,120.67024739583333,,0.2293967408911709,120.67024739583333
88,100000,0.2551228420518078,0.010300402013968799,0.8792708400611382,120.98600260416667,0.37012620577733346,0.2551228420518078,120.98600260416667
88,316,7.7532735386059235,,0.8770735468874267,129.89583333333334,,7.7532735386059235,129.89583333333334
88,177,12.232287016930156,,0.8784688234642036,138.59830729166666,,12.232287016930156,138.59830729166666
88,100,24.527671222891822,,0.8780572313918388,177.0478515625,,24.527671222891822,177.0478515625
88,55,42.061849958316095,,0.8788084255363006,227.34635416666666,,42.061849958316095,227.34635416666666
88,10,55.8513031570961,,0.8794867767283535,243.24772135416666,,55.8513031570961,243.24772135416666
88,1,55.870248986613696,,0.8794443141623933,242.89518229166666,,55.870248986613696,242.89518229166666
88,0,56.018683344781465,,0.8818171143966583,243.935546875,,56.018683344781465,243.935546875
88,3,56.49398090894864,,0.877009362410287,242.66764322916666,,56.49398090894864,242.66764322916666
91,1000000,0.5587236074826519,,0.9054643150056227,121.69140625,,0.5587236074826519,121.69140625
91,10000,0.8965935680309481,,0.9063043269890373,120.17545572916667,,0.8965935680309481,120.17545572916667
91,1000,2.9479037877447274,,0.9088987179469505,122.83365885416667,,2.9479037877447274,122.83365885416667
91,316,7.6850477455779505,,0.9098593762622182,128.1826171875,,7.6850477455779505,128.1826171875
91,177,12.0716998244371,,0.9085218429368929,138.29329427083334,,12.0716998244371,138.29329427083334
91,100,25.569620351315056,,0.9072070628112656,173.84440104166666,,25.569620351315056,173.84440104166666
91,55,43.44403625412299,,0.9129096284844097,220.537109375,,43.44403625412299,220.537109375
91,5,55.27353125199373,,0.9078627167234181,238.1650390625,,55.27353125199373,238.1650390625
91,10,55.49889540868915,,0.9059773425778297,241.03352864583334,,55.49889540868915,241.03352864583334
91,17,55.98149978128594,,0.9067988951858429,243.45670572916666,,55.98149978128594,243.45670572916666
91,3,56.081151516580334,,0.9087948521489061,242.00358072916666,,56.081151516580334,242.00358072916666
91,31,56.68384563824304,,0.9134792690071875,251.93424479166666,,56.68384563824304,251.93424479166666
