read_pct_rounded,pause,bandwidth_mean,bandwidth_std,rd_percentage_actual_mean,latency_mean,latency_std,bandwidth_smooth,latency_smooth,cpu_power_w,memory_power_w,system_power_w,cpu_energy_j,memory_energy_j,system_energy_j
98,3162,7.163638613333333,0.041616766715069385,0.98468825211981,125.89324631143803,0.16305449952405138,7.163638613333333,125.89324631143803,428.0933333333333,4.244,621.8333333333334,443.1466666666667,4.3933333333333335,643.7126666666667
98,1000,22.010079146666666,0.06555923314847448,0.9754419150046294,126.7872349900892,0.11055699271341385,22.010079146666666,126.7872349900892,434.44866666666667,4.278333333333333,627.5,456.9266666666667,4.5,659.837
98,100,203.10465365333334,0.43878437635704515,0.9796727921018,135.5078936761953,1.911516273336189,203.10465365333334,135.5078936761953,464.455,4.402333333333334,637.1666666666666,588.5600000000001,5.596666666666667,805.1149999999999
98,31,385.33925973333334,2.9623955423375405,0.9799038003147859,145.63736090883916,0.0858788374795462,385.33925973333334,145.63736090883916,425.96600000000007,4.274,604.8333333333334,420.5733333333333,4.22,597.291
98,17,411.0702135466667,4.143568291077636,0.9803326719271701,149.82791345646623,0.29208908192773436,411.0702135466667,149.82791345646623,427.5423333333333,4.300666666666667,613.6666666666666,423.49333333333334,4.260000000000001,607.8813333333334
98,10,458.18351872,7.608710172430077,0.9803787243331503,155.02572320336472,0.2306236866120354,458.18351872,155.02572320336472,425.112,4.230333333333333,600.1666666666666,417.7066666666667,4.156666666666667,589.6953333333333
98,5,600.7405294933334,3.114491399760218,0.9799326482435874,91.014663356097,0.4590110501655293,600.7405294933334,91.014663356097,484.85200000000003,5.033666666666666,608.6666666666666,2735.1200000000003,28.7,3331.071
98,3,615.046144,8.402632235172753,0.9798132752814102,89.97486335135183,3.154676146652823,615.046144,89.97486335135183,475.73600000000005,4.857333333333333,615.3333333333334,1636.03,16.993333333333332,2044.3706666666667
98,1,583.8490453333334,19.346109330470682,0.9798150461849707,91.60905486151428,0.7778104400480839,583.8490453333334,91.60905486151428,445.30733333333336,4.474666666666667,610.1666666666666,626.99,6.336666666666666,848.0046666666667
98,0,601.2489454933333,4.350724019360925,0.9798433886388058,90.28853957179238,3.139901508726485,601.2489454933333,90.28853957179238,434.11400000000003,4.324666666666666,606.5,471.8833333333334,4.703333333333333,658.8626666666668
100,562,37.30189781333334,0.09764809186366867,0.9968187232682602,127.38558384475624,0.1012350993786477,37.30189781333334,127.38558384475624,439.4456666666667,4.2443333333333335,627.6666666666666,454.84,4.3933333333333335,649.5796666666666
100,316,63.47996032,0.3955458560579025,0.9981501775074344,128.46798530271988,0.23492541982397572,63.47996032,128.46798530271988,447.99066666666664,4.2363333333333335,630.0,464.59999999999997,4.3933333333333335,653.3953333333334
100,236,82.19074048,0.4467273194201611,0.9985956514311015,128.94859317173436,0.08655600606919567,82.19074048,128.94859317173436,454.5943333333333,4.272666666666667,636.5,471.33666666666664,4.43,660.0476666666667
100,204,92.54571904,0.20410682030496716,0.998761442590597,129.1779249651303,0.1063848995472355,92.54571904,129.1779249651303,455.55600000000004,4.239666666666667,629.1666666666666,472.80333333333334,4.3999999999999995,653.152
100,177,102.4860352,0.45290658386740773,0.9988678093432211,129.7152832410591,0.03438281727912709,102.4860352,129.7152832410591,460.7706666666666,4.239999999999999,647.5,479.57666666666665,4.413333333333333,674.1329999999999
100,153,116.00696064,0.252241465100871,0.9990256307740384,130.03515210196895,0.09153193962639412,116.00696064,130.03515210196895,459.90433333333334,4.289000000000001,655.1666666666666,482.51666666666665,4.5,687.4110000000001
100,133,154.86304170666668,0.38983074976201204,0.9992792160780698,132.76391379999498,0.47488224031224313,154.86304170666668,132.76391379999498,454.6086666666667,4.280333333333334,655.0,478.2133333333333,4.503333333333334,689.1746666666667
100,123,166.36707072,0.04943040798393452,0.9993402340136687,133.19758411964878,0.08702227416652866,166.36707072,133.19758411964878,460.6613333333333,4.3,657.3333333333334,494.94,4.62,706.2956666666668
100,115,176.26209749333336,0.5547045967842247,0.9993829800196682,135.89495611525123,1.1508663384882256,176.26209749333336,135.89495611525123,454.61966666666666,4.360333333333333,656.0,528.25,5.0633333333333335,759.3453333333333
100,107,190.15215744,0.1458866729155701,0.9994300338899483,135.56183337305814,1.091133093462609,190.15215744,135.56183337305814,463.4683333333333,4.356,661.1666666666666,517.8066666666667,4.87,738.5540000000001
100,103,197.16352682666664,0.49712433226462754,0.9994459181239815,134.25685234417008,0.1522620694548482,197.16352682666664,134.25685234417008,455.51800000000003,4.282333333333333,652.8333333333334,477.2166666666667,4.486666666666667,683.9853333333334
100,100,202.57871189333332,0.1209426472672044,0.9994653649530378,134.18964838665534,0.49294775981309,202.57871189333332,134.18964838665534,455.32033333333334,4.289666666666666,639.1666666666666,479.06,4.513333333333333,672.513
100,95,205.77407104,0.2866845841241216,0.9994769500216583,136.0314402345081,1.6239810352107618,205.77407104,136.0314402345081,460.8593333333333,4.375,657.6666666666666,512.5866666666667,4.87,731.6643333333333
100,92,217.85485440000002,0.17822998480099686,0.9995022464947442,137.17985067006862,0.6473000514604125,217.85485440000002,137.17985067006862,451.3136666666667,4.342333333333333,662.3333333333334,480.16,4.62,704.6173333333332
100,90,212.31322538666666,0.21131236405615242,0.9994882004507581,135.93610328156328,0.7447212603526939,212.31322538666666,135.93610328156328,453.7373333333333,4.325333333333333,648.3333333333334,488.82,4.66,698.3266666666667
100,89,217.01725312,0.46781553176267326,0.9995113646954055,138.10427620057018,1.1584442343616304,217.01725312,138.10427620057018,468.78400000000005,4.542666666666666,653.3333333333334,625.4,6.06,869.5013333333333
100,88,219.13500928,0.38975586639990223,0.9995085911710246,135.15241855456858,0.5531756847726842,219.13500928,135.15241855456858,452.8703333333333,4.314333333333334,634.0,483.5366666666667,4.6066666666666665,676.7986666666667
100,86,229.6016482133333,1.996447752097941,0.9995338719674335,136.88761608157176,2.545068410991348,229.6016482133333,136.88761608157176,474.8913333333333,4.559,634.1666666666666,1324.0866666666666,12.973333333333334,1687.3306666666667
100,83,237.66941013333334,0.7848637226921971,0.999544973152445,137.54204413912944,1.2496271890933484,237.66941013333334,137.54204413912944,440.012,4.2683333333333335,634.1666666666666,473.26,4.59,681.826
100,82,239.1867652266667,0.3439697694589833,0.9995495666337754,136.77177977109136,0.9445422013640489,239.1867652266667,136.77177977109136,461.93133333333327,4.332666666666667,645.0,488.70666666666665,4.583333333333333,682.278
100,79,233.90709077333335,0.8884523208095199,0.9995389851279338,136.98675517612313,0.8636064245762385,233.90709077333335,136.98675517612313,443.85400000000004,4.287333333333334,631.6666666666666,469.0,4.53,667.4376666666667
100,77,252.14516394666666,0.9130974969722477,0.999576550582003,138.43903801258196,1.6044990346562165,252.14516394666666,138.43903801258196,450.215,4.408,637.1666666666666,557.4666666666667,5.463333333333334,784.2513333333333
100,76,255.4218990933333,1.6975861892308914,0.9995811451353632,140.3867087520647,1.9095492052095895,255.4218990933333,140.3867087520647,450.065,4.454,637.5,552.7033333333333,5.47,781.6396666666666
100,74,260.11697365333333,0.33213532068891716,0.9995867806023216,138.7043123725316,1.315906584136083,260.11697365333333,138.7043123725316,451.85133333333334,4.308,651.1666666666666,477.5833333333333,4.553333333333334,688.2576666666668
100,71,267.56287786666667,2.817787218618101,0.9996006226264355,138.78010477086573,0.05911733198058693,267.56287786666667,138.78010477086573,443.0976666666666,4.301,627.1666666666666,484.1933333333333,4.7,685.5566666666667
100,70,269.64888277333336,1.5208588900318463,0.9996044917949245,138.73733035756746,2.1538147072005964,269.64888277333336,138.73733035756746,468.78400000000005,4.626666666666666,632.6666666666666,1346.55,13.513333333333334,1734.9453333333333
100,68,276.09229568,3.081517766074226,0.9996129178202903,138.45585901890055,0.7899852917507516,276.09229568,138.45585901890055,444.08466666666664,4.3503333333333325,625.5,474.33666666666664,4.6466666666666665,668.1123333333334
100,63,291.67138602666665,3.7335064626616723,0.9996323577292392,138.99686019743174,0.2924517846746113,291.67138602666665,138.99686019743174,443.211,4.314666666666667,627.3333333333334,472.2033333333334,4.596666666666667,668.3303333333333
100,55,318.35772928000006,0.2894384541634262,0.9996606218702162,140.91090576709414,0.01748270370842278,318.35772928000006,140.91090576709414,440.077,4.312333333333333,632.8333333333334,474.5933333333333,4.6499999999999995,682.539
100,41,364.44449834666665,3.2307385076491117,0.9997020700715747,143.68136551713653,0.458292598196901,364.44449834666665,143.68136551713653,433.8586666666667,4.335999999999999,631.1666666666666,468.26,4.680000000000001,681.0373333333333
100,31,388.8016797866667,3.9838666852575613,0.9997215061989356,146.1968726494844,0.1514588350666509,388.8016797866667,146.1968726494844,424.23900000000003,4.214333333333333,598.8333333333334,414.72333333333336,4.12,585.2776666666667
100,26,404.55679530666674,7.5634127254394565,0.9997323081193149,147.40654128968924,0.20827715821220544,404.55679530666674,147.40654128968924,426.02666666666664,4.2250000000000005,608.3333333333334,424.81,4.213333333333334,606.6033333333334
100,22,421.10108586666666,2.9546144849234888,0.9997401290140746,149.7479885808692,2.0415047417524743,421.10108586666666,149.7479885808692,466.32366666666667,4.5873333333333335,638.6666666666666,1318.6166666666668,13.283333333333333,1686.6626666666664
100,17,421.3999581866667,11.245758759653286,0.9997410801540925,150.28008664647737,0.17422058711217325,421.3999581866667,150.28008664647737,421.3616666666667,4.217666666666667,608.8333333333334,414.85666666666674,4.153333333333333,599.708
100,15,403.92541056,1.7901202376693954,0.9997319668479903,150.74098105351752,0.2264256697810012,403.92541056,150.74098105351752,424.09,4.227333333333333,605.1666666666666,417.26666666666665,4.16,595.4123333333333
100,14,414.68684074666663,3.787683699842482,0.999738169926478,151.0831463077051,0.03290687892710274,414.68684074666663,151.0831463077051,424.63566666666674,4.279,612.5,427.7033333333334,4.31,616.8333333333334
100,13,421.07854208,8.778696006166099,0.9997420683971909,152.1193608003498,0.11972213129200153,421.07854208,152.1193608003498,424.1966666666667,4.2250000000000005,605.1666666666666,419.9466666666667,4.183333333333334,599.0023333333334
100,11,439.58586111999995,11.161112993646853,0.9997527184917238,153.40628109622924,0.19777940096179017,439.58586111999995,153.40628109622924,422.7996666666666,4.208666666666667,598.1666666666666,411.5733333333333,4.096666666666667,582.2113333333333
100,10,445.67524309333334,2.9564421020053677,0.9997530691684658,154.06390390458273,0.02115607951420899,445.67524309333334,154.06390390458273,423.0253333333333,4.221,593.5,414.17333333333335,4.133333333333333,580.9633333333333
100,8,502.62968576000003,4.941316708611925,0.9997824855001022,89.72068783666543,2.227317584453191,502.62968576000003,89.72068783666543,477.11733333333336,4.844,624.3333333333334,971.8000000000001,9.866666666666667,1271.5746666666666
100,7,528.7897070933334,8.409253985312724,0.9997930398484186,85.4222637221796,1.3755626661722486,528.7897070933334,85.4222637221796,460.6296666666667,4.625,619.8333333333334,730.0733333333333,7.340000000000001,978.3003333333332
100,5,590.3376354133334,10.93801650326813,0.9998111402774926,83.48429299916992,2.2958414127978686,590.3376354133334,83.48429299916992,473.0943333333333,4.798,607.3333333333334,1752.4033333333334,18.08666666666667,2154.7836666666667
100,3,611.4882542933333,9.49505554674109,0.9998195036188017,85.39869797252992,3.535107944495996,611.4882542933333,85.39869797252992,479.40066666666667,4.972333333333333,606.1666666666666,1825.256666666667,19.003333333333334,2240.7953333333335
100,1,622.8324330666666,11.034582823911432,0.999823440593201,79.13766143756835,1.2692053729135833,622.8324330666666,79.13766143756835,497.0063333333333,4.985666666666667,636.6666666666666,1841.5666666666666,18.583333333333336,2305.3626666666664
100,0,598.7361352533334,11.250877875432252,0.9998148107421304,89.62996487104864,1.3321648161880364,598.7361352533334,89.62996487104864,504.51433333333335,4.886333333333333,626.8333333333334,1067.8633333333335,10.319999999999999,1309.1563333333334
