read_pct_rounded,pause,bandwidth_mean,bandwidth_std,rd_percentage_actual_mean,latency_mean,latency_std,bandwidth_smooth,latency_smooth,rw_ratio
53,100000.0,0.0,0.0126700778950792,0.5317941772963191,112.3201449179872,0.0514480946844632,0.0,112.3201449179872,53
53,2000.0,25.803571484444443,0.5263477223477626,0.5282443447929527,119.41191969168362,0.1473486129431987,25.803571484444443,119.41191969168362,53
53,1000.0,49.51249624888889,1.32612198601429,0.5282891382582088,125.57295636757009,0.2625928885836878,49.51249624888889,125.57295636757009,53
53,600.0,78.9368428088889,3.0981943120842126,0.52848475726832,135.7214368100719,1.4237058344666074,78.9368428088889,135.7214368100719,53
53,450.0,103.58671555555556,3.722527519689661,0.530121190852956,149.26105368220817,3.3648967812945307,103.58671555555556,149.26105368220817,53
53,380.0,126.21982243555556,0.0596115269800717,0.5303074601483497,167.105622900884,0.1483574212422001,126.21982243555556,167.105622900884,53
53,340.0,138.45656220444445,0.3114707050955984,0.5305940039187947,181.82149445923335,0.2197806310072548,138.45656220444445,181.82149445923335,53
53,300.0,154.3332464355556,0.0909761979256304,0.5306278139099293,210.4433665783689,0.6442605478963658,154.3332464355556,210.4433665783689,53
53,260.0,173.5384593777778,0.0542980102876617,0.530680706336207,263.011550111587,0.5484829737471881,173.5384593777778,263.011550111587,53
53,220.0,187.7309732977778,0.1355864627952873,0.5306032539347647,342.1031807738814,1.3610872750933924,187.7309732977778,342.1031807738814,53
53,180.0,195.1559384888889,0.1076900302743803,0.5303314348387074,411.1548322982756,0.3354280654124921,195.1559384888889,411.1548322982756,53
53,65.0,200.17934432,0.2610310227728328,0.5314561916432211,477.9848448173678,0.7612826757398167,200.17934432,477.9848448173678,53
54,100000.0,0.0,0.0185106855837441,0.5397957240350946,112.33564625860434,0.0532318895960448,0.0,112.33564625860434,54
54,2000.0,26.30972835555556,0.297742817436139,0.5401416768780313,119.37933631508776,0.1404375906279185,26.30972835555556,119.37933631508776,54
54,1000.0,51.200362453333334,0.0793381587117124,0.5411019363068337,125.93278561886824,0.0555899222042169,51.200362453333334,125.93278561886824,54
54,600.0,82.22544746666667,0.0351349412620113,0.5412852306447903,136.11352344543778,0.0056001019799603,82.22544746666667,136.11352344543778,54
54,450.0,107.15560462222224,0.099666426100144,0.5438519731349025,150.21345697101643,0.2090410799767357,107.15560462222224,150.21345697101643,54
54,380.0,116.42441109333332,0.0999001682951735,0.5366117217453881,158.73015846980243,0.2145482371765474,116.42441109333332,158.73015846980243,54
54,340.0,129.79694819555553,0.0320464019101786,0.5386007966638259,171.15269486092157,0.3372426017760189,129.79694819555553,171.15269486092157,54
54,300.0,145.91362574222225,0.0321725292548918,0.5390191895234345,190.8199520992024,0.1663479213625115,145.91362574222225,190.8199520992024,54
54,260.0,163.97925440000003,0.3066163737332669,0.5391121991643079,229.37568644390396,1.014652397751777,163.97925440000003,229.37568644390396,54
54,220.0,182.7636831288889,0.3100285178056391,0.5387131452947912,304.13865649563235,0.2621000803110884,182.7636831288889,304.13865649563235,54
54,200.0,188.15338688,0.1725394221308949,0.5385145715322646,337.3391641868737,0.9979330412294444,188.15338688,337.3391641868737,54
54,160.0,194.59641870222225,0.1574334205087758,0.5376636271299108,395.7477889351073,0.4752189816146808,194.59641870222225,395.7477889351073,54
54,40.0,200.58721226666668,0.0132012876249528,0.5448176618460603,477.1057482103986,1.080632670766397,200.58721226666668,477.1057482103986,54
55,100000.0,0.0,0.0195472633665114,0.5493873136453833,112.31634228455084,0.0796958338874301,0.0,112.31634228455084,55
55,2000.0,24.77641166222222,0.1684705706708142,0.5503853727218608,119.06605384849048,0.0712496204305983,24.77641166222222,119.06605384849048,55
55,900.0,53.37231352888889,0.0127862900663146,0.5504513781949653,126.40721965729438,0.0549545307973202,53.37231352888889,126.40721965729438,55
55,600.0,77.30833955555556,0.0542777703994561,0.5505989334710583,133.89690296851302,0.0491389511718327,77.30833955555556,133.89690296851302,55
55,450.0,100.39003342222225,0.0641828105304773,0.5515095302769427,146.2167049528744,0.1155567556175446,100.39003342222225,146.2167049528744,55
55,380.0,125.57439331555555,0.3864306725799485,0.5504779393575666,165.23869632973663,0.1224314286391575,125.57439331555555,165.23869632973663,55
55,340.0,139.91353507555553,0.1078164265028923,0.5517022590666607,180.10140134711287,0.2139375077015693,139.91353507555553,180.10140134711287,55
55,300.0,155.10621276444445,0.1313659198682212,0.5518424864191792,206.14959549098532,0.1671976792784981,155.10621276444445,206.14959549098532,55
55,260.0,173.05050289777782,0.0841369175916675,0.5515436828214545,253.712382118582,0.4275527454228598,173.05050289777782,253.712382118582,55
55,220.0,186.9458697244445,0.1779304603284504,0.5511982549101612,321.6770481465563,0.8456835089111425,186.9458697244445,321.6770481465563,55
55,180.0,193.36063672888892,0.1584056457403954,0.5508064322291807,374.4087890403671,0.8898357913108675,193.36063672888892,374.4087890403671,55
55,140.0,199.20412657777777,0.0926095653660337,0.5476703724502276,451.0070802038393,0.5415294792128206,199.20412657777777,451.0070802038393,55
56,100000.0,0.0,0.0180543444008528,0.5602043058441076,112.34270091684556,0.0818445770706572,0.0,112.34270091684556,56
56,2000.0,25.4161824,1.4925649568774273,0.5603489821856105,119.11138653902658,0.3387471364908785,25.4161824,119.11138653902658,56
56,900.0,53.96951584000001,1.60936343062418,0.5606561566878162,126.24848850949626,0.3294591911007302,53.96951584000001,126.24848850949626,56
56,600.0,78.44614656,2.6871280243976297,0.5607766449514275,134.24248807027843,1.3168590386062478,78.44614656,134.24248807027843,56
56,450.0,102.57104999111112,4.263544302399932,0.5621860226828632,146.25040352862604,2.896657369155985,102.57104999111112,146.25040352862604,56
56,380.0,117.88310563555557,0.1150267693451787,0.5569760972463623,157.3145448071093,0.2292286814773568,117.88310563555557,157.3145448071093,56
56,340.0,130.45344142222223,0.1547145792464248,0.5598416015703976,169.0968316026703,0.2855701319181071,130.45344142222223,169.0968316026703,56
56,300.0,146.5871671466667,0.0708209482257079,0.5605032434616741,187.52063929645396,0.2759377219642669,146.5871671466667,187.52063929645396,56
56,260.0,164.20052224000003,0.190864758881577,0.5605841288777657,223.9767993546687,0.3123915816307688,164.20052224000003,223.9767993546687,56
56,220.0,183.14667740444443,0.0784923388219029,0.5606456839568577,292.9603742441179,0.4733298155276141,183.14667740444443,292.9603742441179,56
56,200.0,188.8410834488889,0.1093394110542408,0.560775952827147,327.88562191881095,0.5203687816132826,188.8410834488889,327.88562191881095,56
56,180.0,193.98763562666667,0.1663568406179408,0.560612506369005,371.13054706482734,2.043618250122409,193.98763562666667,371.13054706482734,56
56,120.0,199.42140291555555,1.348016884703288,0.5593843260700405,454.5586527148045,5.554915608215127,199.42140291555555,454.5586527148045,56
57,100000.0,0.0,0.0161678516238688,0.5706441910488217,112.36641065379092,0.0577714009392773,0.0,112.36641065379092,57
57,2000.0,25.751639040000004,0.4038390391835584,0.5697392202141739,119.19595896373968,0.0297504764905798,25.751639040000004,119.19595896373968,57
57,900.0,55.34499982222223,0.0381347819378175,0.5701675461145509,126.486048189666,0.0128770760543798,55.34499982222223,126.486048189666,57
57,600.0,80.18176938666666,0.0293468863790179,0.5703623246393108,134.36606905981236,0.0880928172152588,80.18176938666666,134.36606905981236,57
57,450.0,105.22539328,0.0275502335070261,0.5725908354950132,147.3400889331179,0.1622032998256595,105.22539328,147.3400889331179,57
57,380.0,120.51965543111112,4.057414932531945,0.5689165746295913,159.23080363558407,3.8136583761220497,120.51965543111112,159.23080363558407,57
57,340.0,138.20583111111114,0.0385065051152743,0.5669963580790213,176.6585014634145,0.1198692340554537,138.20583111111114,176.6585014634145,57
57,300.0,154.59669489777778,0.1697794145289267,0.5672732481764843,199.28298849039925,0.5441884222384991,154.59669489777778,199.28298849039925,57
57,260.0,171.9490475377778,0.1563061382073688,0.5670450602244411,243.3868163603921,0.5462180380520976,171.9490475377778,243.3868163603921,57
57,220.0,187.1025899377778,0.1227213517289782,0.5667215633846195,314.644755461314,2.2562243273353264,187.1025899377778,314.644755461314,57
57,180.0,195.2251890488889,0.0960366312763712,0.5658967752470668,380.2497665485184,3.4886756260182117,195.2251890488889,380.2497665485184,57
57,70.0,200.41012138666667,0.2014499809439791,0.5685491379600646,468.4761970441702,1.243954278676145,200.41012138666667,468.4761970441702,57
58,100000.0,0.0,0.0152407698869285,0.5801609112049211,112.36641065379092,0.0577714009392773,0.0,112.36641065379092,58
58,2000.0,23.742939093333337,0.0279750255617278,0.5774358555212626,118.67702556296622,0.013845096492541,23.742939093333337,118.67702556296622,58
58,900.0,50.92556508444445,0.022029647274381,0.57814841604019,125.17362533721058,0.0620547512742208,50.92556508444445,125.17362533721058,58
58,600.0,75.42647616,0.035223840100099,0.5791576581799722,132.43522763400028,0.0041438090185496,75.42647616,132.43522763400028,58
58,450.0,98.17615914666668,0.5717824792040689,0.5800789806506012,142.719376797989,0.1999646869821147,98.17615914666668,142.719376797989,58
58,340.0,130.60815708444443,0.4854927273539942,0.5775681160339293,167.03370184121556,0.3284760041629478,130.60815708444443,167.03370184121556,58
58,300.0,146.5341706666667,0.0961120801368606,0.5790918505436545,185.1514236300474,0.173438207802719,146.5341706666667,185.1514236300474,58
58,260.0,164.40463779555557,0.2004417593457071,0.5786514451613306,220.25815858987437,0.1507635121737113,164.40463779555557,220.25815858987437,58
58,220.0,183.82039488,0.1894659004709914,0.5781124531354481,288.3237218758132,0.5072913210689673,183.82039488,288.3237218758132,58
58,200.0,189.50238136888888,0.0741720388121676,0.5773638810826989,320.41999157657085,0.4829826413588375,189.50238136888888,320.41999157657085,58
58,180.0,194.82445888,0.1617602444297375,0.576521973718939,364.9869247652505,0.6284455310662518,194.82445888,364.9869247652505,58
58,80.0,200.6482304,0.1309365354021335,0.5788447673496074,458.4849124123616,1.537124855738429,200.6482304,458.4849124123616,58
59,100000.0,0.0,0.0269265720539858,0.5913916532027298,112.34185695282268,0.0650750397236841,0.0,112.34185695282268,59
59,2000.0,25.405471644444447,0.0124771701978457,0.589765806717227,118.93169884620914,0.0537310751972065,25.405471644444447,118.93169884620914,59
59,900.0,55.545596942222225,0.0071873549684141,0.5917816238083672,126.21045551549332,0.0416762560372911,55.545596942222225,126.21045551549332,59
59,600.0,80.54093290666667,0.074794872576252,0.5918738608554863,133.83459270340066,0.0619891746823981,80.54093290666667,133.83459270340066,59
59,450.0,105.06461027555557,0.0675823740576582,0.594308590435738,145.72422368527032,0.1410398847213725,105.06461027555557,145.72422368527032,59
59,380.0,121.02671143111112,4.720328258801177,0.5887512178605602,157.2944527494101,4.21648562156723,121.02671143111112,157.2944527494101,59
59,340.0,139.83045276444446,0.3606377772034976,0.5917838365946029,174.14196162884232,0.1202891930248476,139.83045276444446,174.14196162884232,59
59,300.0,156.47681237333336,0.1110889584417187,0.592859015696009,197.0274889386824,0.2454068715842371,156.47681237333336,197.0274889386824,59
59,260.0,173.97618360888887,0.0821828626529424,0.5924389195560431,238.51132580143647,0.6669058797082061,173.97618360888887,238.51132580143647,59
59,220.0,188.05333020444445,0.2271932700423578,0.591522868194278,301.2070249084708,0.3247363101978369,188.05333020444445,301.2070249084708,59
59,180.0,195.9437530311111,0.0439429920143479,0.5885353414689792,365.30225577696456,1.2432990240710675,195.9437530311111,365.30225577696456,59
59,100.0,201.51966115555555,0.0662993938183083,0.5896339841039832,456.5552752125794,0.8323584385000792,201.51966115555555,456.5552752125794,59
60,100000.0,0.0,0.0036941941123516,0.5991173567455897,112.3726130146466,0.0660710643845283,0.0,112.3726130146466,60
60,2000.0,23.984462577777776,0.0139941943015117,0.6003162430010609,118.67548438642712,0.1114033527392547,23.984462577777776,118.67548438642712,60
60,900.0,52.18403086222222,0.5301533985504008,0.6023524380524358,124.84328972073176,0.1772608612969158,52.18403086222222,124.84328972073176,60
60,600.0,76.66554019555555,0.07193221312274,0.6029919540802383,131.94240765314908,0.0923837881589244,76.66554019555555,131.94240765314908,60
60,450.0,99.05122332444444,0.0390625355625487,0.6037304966009707,142.26460426114804,0.0944667830804537,99.05122332444444,142.26460426114804,60
60,340.0,132.62600128,0.1067111813403397,0.6010503976394104,165.58735174247997,0.1618538652180459,132.62600128,165.58735174247997,60
60,300.0,149.66364615111112,0.1765916103480963,0.6039200027344416,184.19227123903545,0.1058628221040516,149.66364615111112,184.19227123903545,60
60,260.0,167.10854848,0.1018594690186084,0.6036435329909602,217.0011148807207,0.4736976650187941,167.10854848,217.0011148807207,60
60,220.0,185.32384625777777,0.0118222088060822,0.6028004119686372,279.2028487223242,0.4639337192995472,185.32384625777777,279.2028487223242,60
60,200.0,191.05226993777785,0.1520411193761576,0.6023146357531534,310.97157149355365,1.1078972218308467,191.05226993777785,310.97157149355365,60
60,180.0,196.59608064,0.0606255953523932,0.60120168449501,356.392206773817,1.3710385409104142,196.59608064,356.392206773817,60
60,70.0,201.75370314666668,0.5793464978642894,0.6007303133668764,457.2204554655488,0.8573040201320078,201.75370314666668,457.2204554655488,60
61,100000.0,0.0,0.017000970727711,0.6119320136362703,112.33665929828608,0.0568209638020553,0.0,112.33665929828608,61
61,2000.0,25.440999466666668,0.0110011318625758,0.6105730425959961,118.88273318757746,0.0891072353111263,25.440999466666668,118.88273318757746,61
61,900.0,54.744090595555555,0.0167415225272339,0.611764353878629,125.43012553831308,0.0717712839487398,54.744090595555555,125.43012553831308,61
61,600.0,81.12094314666666,0.0220902317054879,0.6132986506307699,133.27586812833812,0.0521886168613185,81.12094314666666,133.27586812833812,61
61,380.0,121.65868113777778,4.033601348560558,0.6094535989795896,156.23064644238175,3.2312816013642727,121.65868113777778,156.23064644238175,61
61,340.0,138.79628231111113,0.077394463888405,0.6080877782815595,171.9575113137738,0.036462138659567,138.79628231111113,171.9575113137738,61
61,300.0,155.35230656000002,0.0636297777395064,0.6086376758346562,192.50941768070865,0.1244362526024411,155.35230656000002,192.50941768070865,61
61,260.0,173.4507864888889,0.0501771278396473,0.6087996244727587,230.66063788483805,0.6703449494780759,173.4507864888889,230.66063788483805,61
61,220.0,189.1092792177778,0.1523941134702648,0.6080235638264754,295.8833690993353,0.2669136022684337,189.1092792177778,295.8833690993353,61
61,180.0,197.1212412444445,0.137443994803818,0.6062949152082989,361.99258375630296,3.0054972190897167,197.1212412444445,361.99258375630296,61
61,50.0,202.18367552,0.1355587706714844,0.608377574239294,461.5594079691446,2.2590568658637444,202.18367552,461.5594079691446,61
62,100000.0,0.0,0.0243677706616187,0.6176441910762257,112.30751892407233,0.0376677700259399,0.0,112.30751892407233,62
62,2000.0,23.851257813333337,0.0092313743267262,0.619255362693469,118.48047783129198,0.0303779690167666,23.851257813333337,118.48047783129198,62
62,900.0,52.44196024888888,0.0699271299044077,0.621983347105472,124.63570298539372,0.0733392820441527,52.44196024888888,124.63570298539372,62
62,600.0,76.3695256888889,0.0632531516019679,0.6223312646635143,131.4002369021902,0.0564701517695842,76.3695256888889,131.4002369021902,62
62,450.0,103.81141632,3.660765136116672,0.6212039725586669,143.35103185221277,2.1839441765157512,103.81141632,143.35103185221277,62
62,340.0,133.86099712,0.1243996874954057,0.6220544681724116,165.17389530983732,0.2558211707863184,133.86099712,165.17389530983732,62
62,300.0,150.10968832000003,0.0922428075936598,0.6238893712216749,181.90678941050405,0.447557629613687,150.10968832000003,181.90678941050405,62
62,260.0,167.5942130488889,0.1870012734170005,0.6236151544863261,212.55664547636445,0.511828027579628,167.5942130488889,212.55664547636445,62
62,220.0,186.4180928,0.1330881861011993,0.6229789060715148,273.62828301025337,0.3596799775452317,186.4180928,273.62828301025337,62
62,200.0,192.69345294222225,0.1207640955218391,0.6227457591038427,305.9105823444112,0.6325658097603096,192.69345294222225,305.9105823444112,62
62,180.0,197.80241912888889,0.0456678107997265,0.6209807492750329,351.73603974339653,0.8332825278490309,197.80241912888889,351.73603974339653,62
62,35.0,203.26913671111112,0.1507372472562997,0.6195109837125944,464.2671685783321,0.3781366645229865,203.26913671111112,464.2671685783321,62
63,100000.0,0.0,0.0373024087817612,0.6320451356883285,112.61682864490211,1.6188707269843805,0.0,112.61682864490211,63
63,2000.0,25.274146844444445,0.0445074925646668,0.6277693781513665,118.75421026232164,0.0824101076994189,25.274146844444445,118.75421026232164,63
63,900.0,55.50723719111111,0.044079696876857,0.6305478712741316,124.98262002565814,0.0689345900264669,55.50723719111111,124.98262002565814,63
63,600.0,81.46093824,0.1522180517245563,0.6318230412980801,132.56712139544055,0.0148029847606961,81.46093824,132.56712139544055,63
63,450.0,106.3990552888889,0.2640376293218123,0.63381768613527,143.8338142471188,0.1658080559306247,106.3990552888889,143.8338142471188,63
63,380.0,127.73784974222222,0.0643321272120657,0.6302202095355933,158.20060850545053,0.0906897667897804,127.73784974222222,158.20060850545053,63
63,340.0,141.90762289777777,0.3031231160615479,0.6328709568649881,171.07181582072852,0.1502376014655588,141.90762289777777,171.07181582072852,63
63,300.0,158.2608918755556,0.2661022248202194,0.6328925827684245,192.58296276915863,0.4107253150272946,158.2608918755556,192.58296276915863,63
63,260.0,176.22615402666668,0.1209835139220921,0.6322941837426558,231.20249104432796,0.6127548918158665,176.22615402666668,231.20249104432796,63
63,220.0,191.5079027911111,0.1449158618882228,0.6316659119403579,294.0229868782185,0.3862092712774902,191.5079027911111,294.0229868782185,63
63,180.0,197.7689260088889,0.1197002145248496,0.6256894701487059,350.5722811099522,1.4626634202948716,197.7689260088889,350.5722811099522,63
63,30.0,202.95176352,0.3197731062011493,0.6295142293759451,456.9975846798712,3.723621237808105,202.95176352,456.9975846798712,63
64,100000.0,0.0,0.0407328330835068,0.6398138765579003,112.3305726103946,0.0709986470456951,0.0,112.3305726103946,64
64,2000.0,24.64332615111111,0.032651038137987,0.6407166194415878,118.22951184288398,0.046452075625415,24.64332615111111,118.22951184288398,64
64,900.0,51.94297884444445,0.0942363595078675,0.6397037478241497,124.40183232739746,0.0360832384157848,51.94297884444445,124.40183232739746,64
64,600.0,76.18212359111112,0.3030237055751061,0.6400052928316894,130.83459811468936,0.0632830172685871,76.18212359111112,130.83459811468936,64
64,450.0,99.63557070222224,0.0163712232185833,0.641366856411608,139.90875396955167,0.0525285013222638,99.63557070222224,139.90875396955167,64
64,380.0,119.40788060444446,0.5354229402247069,0.6359729618769497,151.80874926624202,0.5340488536145102,119.40788060444446,151.80874926624202,64
64,340.0,133.90383623111111,0.0302312449362764,0.6403860155632908,162.21210364041863,0.1045164375114104,133.90383623111111,162.21210364041863,64
64,300.0,150.01965966222224,0.0612055752257758,0.6409975657187726,178.77675056958864,0.2060668557231066,150.01965966222224,178.77675056958864,64
64,260.0,167.76394723555555,0.0827135647551212,0.6404048389974512,208.00231286604483,0.0743735798349444,167.76394723555555,208.00231286604483,64
64,220.0,187.90945123555557,0.1627338006511522,0.6407770515324273,267.3643252629129,0.525947095298158,187.90945123555557,267.3643252629129,64
64,200.0,193.55999296,0.2577566078665306,0.6403778389858005,299.0338814759773,0.2771462349455011,193.55999296,299.0338814759773,64
64,180.0,198.84994947555552,0.1311191869316751,0.639716516980806,343.3337242246086,1.8534823764765225,198.84994947555552,343.3337242246086,64
64,40.0,204.39347338666667,1.4195943057864429,0.6409973883818769,452.2460744363598,7.414648886844726,204.39347338666667,452.2460744363598,64
65,100000.0,0.0,0.0027495210774996,0.652387140473598,112.19601911362916,0.011717464422133,0.0,112.19601911362916,65
65,2000.0,25.020634986666668,0.9197499291605998,0.6509886201300087,118.35246271727074,0.3140749771980897,25.020634986666668,118.35246271727074,65
65,900.0,53.07295185777778,2.2436919749373927,0.6504302569119179,124.50970279980744,0.4535097168983054,53.07295185777778,124.50970279980744,65
65,600.0,77.43836131555555,3.2735303087529304,0.6507811560664275,130.87175323794446,1.251980950515989,77.43836131555555,130.87175323794446,65
65,450.0,100.88177987555557,3.913161328549683,0.6516827035661913,140.5982253955738,2.154238332028628,100.88177987555557,140.5982253955738,65
65,380.0,122.4770514962963,3.9607938896939743,0.6484651480807742,153.05573811100805,2.9189558510368343,122.4770514962963,153.05573811100805,65
65,340.0,135.77553744592592,4.114175882048163,0.6505715314582392,163.37345861350772,3.562492160990018,135.77553744592592,163.37345861350772,65
65,300.0,151.37276554666667,4.639127698743333,0.6505319486012445,179.71331014480558,5.705704472761079,151.37276554666667,179.71331014480558,65
65,260.0,169.91698145185185,4.534543374703903,0.6506769203901188,209.16302308661972,10.854181723213587,169.91698145185185,209.16302308661972,65
65,220.0,188.41924354370377,2.8994024906349436,0.6508365335883531,265.1810200473225,14.330800220926092,188.41924354370377,265.1810200473225,65
65,200.0,194.2215102814815,1.4480540468919532,0.6505351160625892,295.6730602311975,12.2871886537378,194.2215102814815,295.6730602311975,65
65,120.0,200.0086528,0.4369516966078842,0.6487889661747198,406.33593864134536,0.928350934309358,200.0086528,406.33593864134536,65
65,5.0,205.3368234903704,0.4853242829415414,0.6489853626909468,488.0249939661366,14.507812455820842,205.3368234903704,488.0249939661366,65
66,100000.0,0.0,0.0004065392587302,0.6640035040363117,112.278727524601,0.0390751955834395,0.0,112.278727524601,66
66,1500.0,29.26558081066667,2.1575151649632582,0.660900319462827,119.22182634350182,0.4469258486866848,29.26558081066667,119.22182634350182,66
66,700.0,59.33094155555556,5.5629144980915175,0.6626356046471695,125.7381666987984,1.3334160163768158,59.33094155555556,125.7381666987984,66
66,450.0,89.11895240000001,8.347459964808188,0.6632011680780615,134.6617371458365,3.195069990055713,89.11895240000001,134.6617371458365,66
66,380.0,104.34418581333333,9.32747283174155,0.6626820388873897,141.54469576254712,4.795783473472894,104.34418581333333,141.54469576254712,66
66,300.0,134.43156050285714,10.060030683283632,0.6624682475264567,160.2657375367997,10.606534395495386,134.43156050285714,160.2657375367997,66
66,260.0,152.75217896156866,7.434517325279378,0.6625707366309703,178.66603682907788,9.222997170856964,152.75217896156866,178.66603682907788,66
66,220.0,171.76881038222226,7.389344710449242,0.662631138545396,212.10652087700385,16.938812502684314,171.76881038222226,212.10652087700385,66
66,200.0,180.23377136761903,6.834607001994068,0.6625627992908125,230.2863241494709,19.887978051031908,180.23377136761903,230.2863241494709,66
66,180.0,191.3837329066667,4.255707656447095,0.6613765869767837,273.6077190176144,22.84133688361477,191.3837329066667,273.6077190176144,66
66,90.0,203.5265503288889,1.4793629514955975,0.6632395566480915,414.7602559734067,20.86847701901537,203.5265503288889,414.7602559734067,66
67,100000.0,0.0,,0.6662231658999038,112.278727524601,0.0390751955834395,0.0,112.278727524601,67
67,1500.0,25.522183786666663,0.9444057083153956,0.6659961670543153,118.4187791338152,0.2807438184502071,25.522183786666663,118.4187791338152,67
67,600.0,58.729141546666675,,0.6650306767319577,125.37522966520235,0.0176624472442414,58.729141546666675,125.37522966520235,67
67,340.0,103.10550951111112,4.475721299103335,0.6651555379968553,140.41067053337642,2.1981115333044565,103.10550951111112,140.41067053337642,67
67,260.0,131.58235325866667,6.7153354854611464,0.665464304873616,159.92314669341582,6.471570520773784,131.58235325866667,159.92314669341582,67
67,220.0,155.25425171555557,14.14112852925819,0.6655519245187119,189.2564683275488,24.657296336350747,155.25425171555557,189.2564683275488,67
67,200.0,166.48039676717949,14.471252871846891,0.6657041763759715,205.13942282527097,31.152428497633707,166.48039676717949,205.13942282527097,67
67,180.0,181.5174276124445,10.008381226529664,0.665824832358584,238.084229759571,37.63320111986351,181.5174276124445,238.084229759571,67
67,160.0,189.29916475733336,6.841910203044521,0.6658689911638107,264.02982785868255,37.71130462763921,189.29916475733336,264.02982785868255,67
67,140.0,201.04700768627453,2.2956055763470817,0.6660358285698832,351.6152911934837,35.25083089495837,201.04700768627453,351.6152911934837,67
68,100000.0,0.0,0.0004541218804583,0.677343726629978,112.23586829621397,0.0511158712169373,0.0,112.23586829621397,68
68,1500.0,26.51667022222222,0.0291021028863265,0.6810985933320591,118.3613874815516,0.0276726968157281,26.51667022222222,118.3613874815516,68
68,600.0,62.413118151111114,0.0543340005752105,0.6810137193180746,125.91897912970774,0.0666900682710766,62.413118151111114,125.91897912970774,68
68,380.0,95.23881578666668,0.057204993820465,0.6826559406398448,135.74234439676104,0.0303982081818068,95.23881578666668,135.74234439676104,68
68,300.0,117.35895096888888,0.0909110400130294,0.682737311166485,146.74355157801773,0.047854750981334,117.35895096888888,146.74355157801773,68
68,260.0,132.84768945777776,0.2589160004752732,0.6831509855482357,156.82428314962996,0.6140321719949805,132.84768945777776,156.82428314962996,68
68,220.0,141.83845589333336,14.212781521391948,0.6835605661009417,170.06429480724037,7.8703812980153405,141.83845589333336,170.06429480724037,68
68,200.0,149.1894207288889,9.302180873968464,0.6837014964105892,179.34292768680152,11.185937900459672,149.1894207288889,179.34292768680152,68
68,180.0,182.07032732444443,1.770044238186469,0.683979471826655,228.71916877001257,1.536331128537595,182.07032732444443,228.71916877001257,68
68,160.0,195.84064064000003,0.1235233006332064,0.6840614763574075,277.2200539803596,1.1573421203766383,195.84064064000003,277.2200539803596,68
68,90.0,201.79277489777775,0.112331525903309,0.683382396235563,434.7963279688868,0.1798104931220116,201.79277489777775,434.7963279688868,68
70,100000.0,0.0,0.002951770771146,0.7027006748644888,112.27234763776175,0.0274284799872063,0.0,112.27234763776175,70
70,1500.0,25.596393102222223,0.0575955084235273,0.6997121719675468,118.00953615788816,0.0553416873032625,25.596393102222223,118.00953615788816,70
70,600.0,60.15523982222222,0.1111108233166066,0.6989023675771678,124.85213773409504,0.0449846594503273,60.15523982222222,124.85213773409504,70
70,380.0,90.5042014577778,0.0515557531326837,0.6992610625182122,133.2827945760333,0.0755637326390408,90.5042014577778,133.2827945760333,70
70,300.0,112.22214606222222,0.0101411921275214,0.6997135624810517,142.47323581730691,0.0734122120008551,112.22214606222222,142.47323581730691,70
70,260.0,126.11372992,0.0371461219101127,0.6997945466377505,150.76297792767065,0.0644278638655697,126.11372992,150.76297792767065,70
70,220.0,145.22027100444447,0.1099815246463446,0.7000229183173906,165.90253917626538,0.2362943479071461,145.22027100444447,165.90253917626538,70
70,200.0,155.2305944888889,0.1906937226958123,0.6998691084120644,176.0795049140502,0.1348616175247686,155.2305944888889,176.0795049140502,70
70,180.0,175.87596003555555,0.1256468117079491,0.7003541836604076,208.20027739159025,0.5475965371582535,175.87596003555555,208.20027739159025,70
70,160.0,187.8503754666667,0.0902071404548039,0.7004153964231246,236.91128498130908,0.5803406283641481,187.8503754666667,236.91128498130908,70
70,140.0,199.7211325155556,0.2646713690114826,0.7004112807907195,394.23171196801786,2.5677547218524035,199.7211325155556,394.23171196801786,70
70,70.0,205.09972992,0.1741956118886323,0.6989219057655299,422.8500528712654,0.3041073846369822,205.09972992,422.8500528712654,70
71,100000.0,0.0,0.0012921973923744,0.7112261766489559,112.26707006621976,0.0472248132944086,0.0,112.26707006621976,71
71,1500.0,26.62588992,0.0142766864142315,0.7119055604661036,118.21010225659565,0.0486296090800584,26.62588992,118.21010225659565,71
71,550.0,69.3103111111111,0.0628206340062774,0.7143290463226935,126.75644719934392,0.0846758868270184,69.3103111111111,126.75644719934392,71
71,340.0,106.97305194666669,,0.7149528705428617,139.1041807340605,0.0615477116895315,106.97305194666669,139.1041807340605,71
72,100000.0,0.0,,0.7248156516970247,112.26229421269636,0.0804294119392817,0.0,112.26229421269636,72
72,600.0,64.77962823111112,0.0583982538841351,0.7152802018186568,125.81398359575392,0.1690983057146111,64.77962823111112,125.81398359575392,72
72,380.0,97.48394517333334,0.0654452723301657,0.7152698968556553,135.08109710799252,0.074531118901732,97.48394517333334,135.08109710799252,72
72,300.0,120.0360958577778,0.0430056392136924,0.7155820251627324,145.36123084850485,0.0468775661272924,120.0360958577778,145.36123084850485,72
72,260.0,135.76320746666667,0.1019205155368294,0.7156411165871049,155.23817557588657,0.1236241544632871,135.76320746666667,155.23817557588657,72
72,220.0,156.27103665777778,0.1216344980551802,0.7160342714858691,173.9364828025626,0.1743168155173639,156.27103665777778,173.9364828025626,72
72,200.0,167.40420437333333,0.0555852571618513,0.716170947268421,188.06951447194555,0.1973630551966455,167.40420437333333,188.06951447194555,72
72,180.0,184.6220740266667,0.0671087527868097,0.7163729289285891,221.23287520113809,0.3528920713876759,184.6220740266667,221.23287520113809,72
72,160.0,197.9761467733333,0.2776460550845721,0.7164382305948588,265.78613062596094,0.3245353770616277,197.9761467733333,265.78613062596094,72
72,60.0,209.0792474666667,0.2848241199564115,0.7247419157906663,413.6751665615501,0.4681530943170184,209.0792474666667,413.6751665615501,72
73,100000.0,0.0,0.0181937849851939,0.7309610341803643,112.38504957544932,0.3282291796060094,0.0,112.38504957544932,73
73,1000.0,37.733137991111114,0.0140456719732715,0.7291761485905406,120.1426314024382,0.0548004001569669,37.733137991111114,120.1426314024382,73
73,450.0,79.56882652444445,0.0746752961673202,0.7304544114973756,128.9374184302825,0.0302277316210237,79.56882652444445,128.9374184302825,73
73,340.0,102.28799829333332,0.0298630544985129,0.7310892150100498,136.17504742019466,0.0904199828340577,102.28799829333332,136.17504742019466,73
73,260.0,129.1016792888889,0.0578128881468101,0.7313476821699814,149.29085473776243,0.0228534306393008,129.1016792888889,149.29085473776243,73
73,220.0,148.3667583288889,0.2445297747701209,0.731240165258817,164.2985314091918,0.1450963515915045,148.3667583288889,164.2985314091918,73
73,200.0,158.97393671111112,0.1755745023209647,0.7314606178792143,175.19821106254713,0.1888333343265457,158.97393671111112,175.19821106254713,73
73,180.0,179.11386915555556,0.1312254069082895,0.7319418718406175,204.05669199279328,0.4056600491574928,179.11386915555556,204.05669199279328,73
73,160.0,191.79716736,0.0558268983981514,0.7321358152558264,233.1607570570384,0.129898898343873,191.79716736,233.1607570570384,73
73,140.0,202.61045276444443,0.2568587055176392,0.7306320743505421,377.5892138715728,1.8066268690362728,202.61045276444443,377.5892138715728,73
73,90.0,208.10603726222223,0.0557333205261382,0.7257242494643569,411.5191987813339,0.0667357280864304,208.10603726222223,411.5191987813339,73
75,100000.0,0.0,0.0101878803835872,0.74934697407574,112.22476257098742,0.0527840662878288,0.0,112.22476257098742,75
75,800.0,50.12282037333333,0.0238904794147945,0.7450948694172093,122.24909465113954,0.0618440994450014,50.12282037333333,122.24909465113954,75
75,450.0,85.44688547555556,0.0095069758868603,0.7455592142826327,129.91244881011292,0.0760255527593403,85.44688547555556,129.91244881011292,75
75,340.0,109.9794271288889,0.1054454621682755,0.7462569857961334,138.38353049389633,0.1635395054210609,109.9794271288889,138.38353049389633,75
75,260.0,138.35020949333332,0.0601063728826463,0.7464359701432356,154.2431764980398,0.0904719585679798,138.35020949333332,154.2431764980398,75
75,220.0,159.2642904888889,0.2141624270370255,0.7466363343148558,172.02582721334684,0.0347343610838063,159.2642904888889,172.02582721334684,75
75,200.0,170.51086592,0.0839636182054606,0.746676795556072,185.5840480797401,0.1737976578240008,170.51086592,185.5840480797401,75
75,180.0,191.3359275377778,0.1830743883564928,0.7470235110941812,225.97871252843288,0.5952743181286758,191.3359275377778,225.97871252843288,75
75,160.0,201.0337293511111,0.0351089639418572,0.7471945954548357,261.13167690985597,0.1525985991332888,201.0337293511111,261.13167690985597,75
75,10.0,210.8735328355556,1.409508486367583,0.753057825010092,409.5167580389671,2.840481136035193,210.8735328355556,409.5167580389671,75
76,100000.0,0.0,0.0176031907671442,0.7600199738814214,112.22196244157966,0.0449360541264254,0.0,112.22196244157966,76
76,1000.0,38.97535175111111,0.0539330718055863,0.7598252186857302,119.92673081993615,0.060877314885104,38.97535175111111,119.92673081993615,76
76,450.0,80.79158407111112,0.020772612254508,0.7591882106130959,128.43549762505646,0.0691261542826835,80.79158407111112,128.43549762505646,76
76,340.0,102.97280910222224,0.122391817585455,0.7596438861567001,135.102431610651,0.0748427043425279,102.97280910222224,135.102431610651,76
76,260.0,130.99798947555556,0.0237326357531284,0.7604531150987327,148.4104761155963,0.0704126043471551,130.99798947555556,148.4104761155963,76
76,220.0,150.86042005333334,0.2524240800395222,0.7606908583644524,162.11422087276654,0.0170468627727607,150.86042005333334,162.11422087276654,76
76,200.0,161.00628736000002,0.102215735506104,0.760675341426499,171.74783403355568,0.0986100076401723,161.00628736000002,171.74783403355568,76
76,180.0,180.93435271111113,0.1702561523327819,0.7610755943070483,197.94705618475385,0.1586290478855138,180.93435271111113,197.94705618475385,76
76,160.0,194.5872172088889,0.1172244985908834,0.7610709832967912,228.8563256225576,0.4689905995335841,194.5872172088889,228.8563256225576,76
76,60.0,209.73602588444444,0.0683886713094725,0.7639135166227172,397.8797410974342,0.2618292067474383,209.73602588444444,397.8797410974342,76
78,100000.0,0.0,0.0005789205169777,0.778872357101017,112.18266584559036,0.023157708009522,0.0,112.18266584559036,78
78,1000.0,40.5542048,1.7748842220715637,0.7798811644204839,119.97993792429902,0.3600805170664433,40.5542048,119.97993792429902,78
78,550.0,72.94077440000001,0.0219372008621031,0.7771805728297205,126.45750608136684,0.434319281471776,72.94077440000001,126.45750608136684,78
78,380.0,101.68116067555556,0.0353619624644042,0.7776374921435165,133.62296143897836,0.0784274239127313,101.68116067555556,133.62296143897836,78
78,300.0,126.25318421333334,0.0621490513152867,0.7782413602733035,143.53601743044086,0.0256948424592365,126.25318421333334,143.53601743044086,78
78,260.0,142.45348259555556,0.3537038038086293,0.778391598367425,153.54412162362647,0.1502047768559821,142.45348259555556,153.54412162362647,78
78,220.0,164.2290859377778,0.0332144819872445,0.778651905263248,172.1159897672842,0.093868622451834,164.2290859377778,172.1159897672842,78
78,200.0,176.43603818666668,0.0709624627247424,0.778736841979236,186.88997399510208,0.0579895299222086,176.43603818666668,186.88997399510208,78
78,180.0,197.57546126222223,0.2506617249975206,0.778993236776009,231.58596429831152,0.54630154386177,197.57546126222223,231.58596429831152,78
78,160.0,208.15831914666668,0.1044148491358469,0.7790752405153322,287.103627315938,1.218636387700447,208.15831914666668,287.103627315938,78
78,100.0,213.28041181866664,0.5244032708546944,0.7800254246083265,389.150809164948,8.63508954116749,213.28041181866664,389.150809164948,78
79,100000.0,0.0,0.0073592719312674,0.7873857806428638,112.277317220713,0.0996648778357076,0.0,112.277317220713,79
79,1000.0,38.62365632,,0.7850082609682874,119.65492667207332,0.0575974620793805,38.62365632,119.65492667207332,79
79,450.0,81.36885681777778,0.2648911081637246,0.786092748969195,128.12184277250827,0.5335122878899329,81.36885681777778,128.12184277250827,79
79,300.0,117.20984270222222,0.026370477847191,0.7874863902328572,138.4084239569706,0.0093602117758675,117.20984270222222,138.4084239569706,79
79,260.0,132.4200224,0.0169262183363308,0.7876018617267898,146.62365504037555,0.5094799579534346,132.4200224,146.62365504037555,79
79,220.0,152.32891633777777,0.0960498915761098,0.7879873966414511,159.91441325975197,0.1101034612049993,152.32891633777777,159.91441325975197,79
79,200.0,163.03018446222225,0.075997280619443,0.7880599246012706,169.51996889691966,0.0651023960313915,163.03018446222225,169.51996889691966,79
79,180.0,180.8808076088889,0.1250576145030015,0.788210960861634,190.7481407281517,0.058206058976532,180.8808076088889,190.7481407281517,79
79,160.0,195.66711822222223,0.1112865012243144,0.7883032291677098,219.7976589446608,0.470269163921357,195.66711822222223,219.7976589446608,79
79,140.0,212.08709454222225,0.0546931486457993,0.7921599608723747,368.0088945025586,0.4989122392171741,212.08709454222225,368.0088945025586,79
80,100000.0,0.0,0.015138860378332,0.7989384236349444,112.2441572999984,0.0917562373865086,0.0,112.2441572999984,80
80,1000.0,40.72222343111111,0.0227988091799939,0.7961090703166539,119.9103800373227,0.0936804489840863,40.72222343111111,119.9103800373227,80
80,450.0,85.27039239111112,0.4650184703371924,0.7971374963744312,128.31897122881523,0.0562126459903225,85.27039239111112,128.31897122881523,80
80,340.0,110.56508302222224,0.0562230125811027,0.7993452411091226,135.65690770007927,0.078870737866194,110.56508302222224,135.65690770007927,80
80,260.0,139.9449919288889,0.1395708943843541,0.8010495147672906,149.6387437718263,0.1286840938553548,139.9449919288889,149.6387437718263,80
80,220.0,161.59152782222222,0.0643636601818621,0.8014513620413819,166.0006506945602,0.0764302112452207,161.59152782222222,166.0006506945602,80
80,200.0,172.70679381333335,0.0854755171005143,0.8012802866159227,178.18841985510014,0.318602525090138,172.70679381333335,178.18841985510014,80
80,180.0,195.04691036444444,0.2334889259044345,0.8018622769283043,213.1200522562673,0.1068928592375274,195.04691036444444,213.1200522562673,80
80,160.0,206.91029560888887,0.1335739733470182,0.8019637219805866,253.34006440859608,0.4197622057996364,206.91029560888887,253.34006440859608,80
80,0.0,213.9737060266667,0.041397971608425,0.7972625440182505,353.9451387780069,0.8879455197352368,213.9737060266667,353.9451387780069,80
81,100000.0,0.0,0.0014307451945725,0.8125741747611644,112.5046789908727,0.5266547867619793,0.0,112.5046789908727,81
81,1000.0,38.080936320000006,0.6371683287964459,0.8094670689847115,119.37322259145228,0.0798795637064076,38.080936320000006,119.37322259145228,81
81,450.0,79.52348586666668,0.0236459000206555,0.8063329128956052,126.72844238342805,0.105247364281015,79.52348586666668,126.72844238342805,81
81,300.0,117.67030449777776,0.0833581601270624,0.8134973069856781,137.2338800857917,0.1087855338741234,117.67030449777776,137.2338800857917,81
81,220.0,152.69149454222222,0.1765930396197768,0.8138635270856119,156.7314684481356,0.0740024221691522,152.69149454222222,156.7314684481356,81
81,200.0,163.5070259911111,0.0885173225565999,0.8140130669760914,165.11044436893118,0.5151242180077275,163.5070259911111,165.11044436893118,81
81,180.0,182.2532465777778,0.1062109412477549,0.8141413191689971,186.24607441176772,0.1384558059220048,182.2532465777778,186.24607441176772,81
81,160.0,195.74537884444445,0.2232694294482566,0.8142898307931374,209.89381609635015,0.1231359163278176,195.74537884444445,209.89381609635015,81
81,120.0,214.08361856,0.1881533247711998,0.8095462184997263,360.4709612531149,0.2120780323640534,214.08361856,360.4709612531149,81
82,100000.0,0.0,0.0008522909188594,0.8183807055357085,112.15919070621749,0.0313177922455767,0.0,112.15919070621749,82
82,1000.0,35.97609486222222,0.026853983896221,0.8229983474676188,118.94577503252408,0.0768360233754644,35.97609486222222,118.94577503252408,82
82,450.0,79.15240750222223,3.444473768560259,0.8202146391028631,126.2296009618161,0.7655463217231475,79.15240750222223,126.2296009618161,82
82,340.0,110.08522816,0.0372512746345174,0.8239994680249868,133.60961539036938,0.037458936895248,110.08522816,133.60961539036938,82
83,100000.0,0.0,0.012870704481729,0.8313416515452916,112.34499101023984,0.1478604158073686,0.0,112.34499101023984,83
83,1000.0,37.19107541333333,0.0085914488275115,0.8323927390918017,118.874302441371,0.1187516503449263,37.19107541333333,118.874302441371,83
83,450.0,78.14470912,0.0554982846494367,0.8339114323510644,125.8430381716499,0.0578303292709529,78.14470912,125.8430381716499,83
83,300.0,123.56754154666667,0.0810241182856057,0.8252366652935188,138.86137565053818,0.0644775357454252,123.56754154666667,138.86137565053818,83
83,260.0,139.66884629333336,0.0552386422645991,0.8252748462972708,146.71880430861006,0.1664262913042038,139.66884629333336,146.71880430861006,83
83,220.0,161.15197688888892,0.04141521872921,0.8257036410725495,161.37086410949954,0.2048144610461009,161.15197688888892,161.37086410949954,83
83,200.0,173.03108920888891,0.0938633045440074,0.825758946955577,172.64255065987166,0.1081864712835763,173.03108920888891,172.64255065987166,83
83,180.0,193.6044260977778,0.0536321151529297,0.8263319744678322,201.45487303774212,0.3962355705066001,193.6044260977778,201.45487303774212,83
83,160.0,207.05435008000003,0.1566624914661546,0.8264027241710538,237.04358184536963,0.1534931100527176,207.05435008000003,237.04358184536963,83
83,120.0,216.18140522666667,0.0672859861961139,0.8314583374122125,346.6304162563854,0.2000663250749747,216.18140522666667,346.6304162563854,83
84,100000.0,0.0,0.0015321778296558,0.8372732028172241,112.35581463273232,0.169688654109384,0.0,112.35581463273232,84
84,1000.0,33.903855928888895,0.0541365223244376,0.8427074378836653,118.2839216903675,0.0802819993280844,33.903855928888895,118.2839216903675,84
84,450.0,71.00912988444445,0.061319279746845,0.8428818699350162,124.3283505626438,0.0543655933153663,71.00912988444445,124.3283505626438,84
84,340.0,104.72872391111112,0.074649753353387,0.8418677246935277,131.3603037907934,0.0736097767159362,104.72872391111112,131.3603037907934,84
84,260.0,130.7218861511111,0.0987799058603601,0.8359084233275939,141.10191775174818,0.1372089893883219,130.7218861511111,141.10191775174818,84
84,220.0,150.62772764444446,0.0489945148100031,0.8363066710927461,152.8028258664623,0.494642288010631,150.62772764444446,152.8028258664623,84
84,180.0,177.52509873777777,0.1300658166739469,0.8366576996343955,175.3369752664107,0.0991751383106331,177.52509873777777,175.3369752664107,84
84,160.0,193.14517020444444,0.0456134010093107,0.8368491442213849,197.1976067774266,0.2046182333777806,193.14517020444444,197.1976067774266,84
84,140.0,215.82320981333336,0.1310887865799117,0.8357534300584124,327.6865228688992,0.2557109428020141,215.82320981333336,327.6865228688992,84
85,100000.0,0.0,0.0020136199735909,0.8523111679066275,112.38937435949576,0.1469954503569533,0.0,112.38937435949576,85
85,1000.0,34.79824135111111,0.0307675937648962,0.8502742061383918,118.14028145916735,0.0835740609735371,34.79824135111111,118.14028145916735,85
85,450.0,72.61567587555557,0.035666751539961,0.8511567235664961,124.4332123665578,0.0650157244390901,72.61567587555557,124.4332123665578,85
85,300.0,115.24563399111112,5.451806681962554,0.8504327582100358,134.15099425401434,2.163737468486985,115.24563399111112,134.15099425401434,85
85,260.0,135.80450730666666,0.031544635455887,0.8464886513361093,142.61032023198575,0.1565640056086166,135.80450730666666,142.61032023198575,85
85,220.0,156.48960533333334,0.125397599662003,0.8466399959897205,155.11847966849163,0.6972246083957482,156.48960533333334,155.11847966849163,85
85,200.0,167.65155619555557,0.074533036099588,0.8467957581149678,163.95520340386005,0.1217870099609029,167.65155619555557,163.95520340386005,85
85,180.0,187.13412039111108,0.1917096166199563,0.8464212424177028,184.93218387266,0.0933284168998293,187.13412039111108,184.93218387266,85
85,160.0,201.41197980444443,0.1377454236343273,0.8458408858822123,210.86780187749437,0.1954248758204718,201.41197980444443,210.86780187749437,85
85,140.0,217.2343591111111,0.1510845380868307,0.8504493764730577,289.8069783950934,0.063177672763194,217.2343591111111,289.8069783950934,85
86,100000.0,0.0,0.0039920591153642,0.858945735557131,112.41395952416904,0.1420287602451626,0.0,112.41395952416904,86
86,800.0,38.31978055111111,0.0814600810048971,0.8599255780661853,118.68547117972508,0.0873454695732773,38.31978055111111,118.68547117972508,86
86,380.0,76.90880348444445,0.0145428840217606,0.8625029702266845,124.96914983757364,0.0810750506454147,76.90880348444445,124.96914983757364,86
86,300.0,111.95185002666666,0.1919256007128616,0.8622276299839875,132.3623069918625,0.0405451325691323,111.95185002666666,132.3623069918625,86
86,220.0,144.71232629333335,1.0518601092781532,0.8592022051738396,146.17720881599337,0.2164233595552935,144.71232629333335,146.17720881599337,86
86,180.0,174.31077994666668,0.5576816904066914,0.8594881657842701,167.59211444178493,0.2426971876415944,174.31077994666668,167.59211444178493,86
86,160.0,186.78389134222223,0.6435667321586849,0.8593757636013062,181.2750082505686,0.4207113944854305,186.78389134222223,181.2750082505686,86
86,140.0,216.95437888000004,0.0793346738438556,0.8578479258010513,294.4751734530908,0.5215366734211488,216.95437888000004,294.4751734530908,86
87,100000.0,0.0,0.0002716798534223,0.8671401231480615,112.49661670770172,0.0449832780757323,0.0,112.49661670770172,87
87,900.0,35.89473692444445,0.4732254232258545,0.8722635003983545,118.22368869480208,0.173441453777736,35.89473692444445,118.22368869480208,87
87,380.0,79.52337457777779,0.0933985485129572,0.8744331197144034,125.06336344526234,0.0645331707943126,79.52337457777779,125.06336344526234,87
87,260.0,117.47072590222224,0.0078332448498588,0.8743612552358675,133.18888835200528,0.0485232412980181,117.47072590222224,133.18888835200528,87
87,200.0,144.87940771555554,0.1034307639905487,0.8747957612602333,144.21108121848965,0.0145678014386003,144.87940771555554,144.21108121848965,87
87,180.0,161.56731370666668,,0.8748601550473609,154.26327459184452,0.0570518343096507,161.56731370666668,154.26327459184452,87
87,140.0,216.04325233777777,0.0409999479336342,0.8717498897887875,251.25394279844855,0.1602573577581323,216.04325233777777,251.25394279844855,87
88,340.0,88.3852031288889,0.0772144722737189,0.8758202818913027,126.48467368492682,0.0383968330738853,88.3852031288889,126.48467368492682,88
88,260.0,119.61841728000002,0.0354101934138915,0.8842947009223643,133.37546027896127,0.0264099236115349,119.61841728000002,133.37546027896127,88
88,200.0,148.1757080177778,0.1680651495865436,0.8848187907665227,144.8755021257438,0.0610292800013682,148.1757080177778,144.8755021257438,88
88,180.0,163.372101632,1.8735520916507005,0.8809142310259187,154.6231816869543,0.3974017869808148,163.372101632,154.6231816869543,88
88,160.0,173.98225422222222,4.114033908805088,0.8796974159132063,163.27649194420704,2.336272179839797,173.98225422222222,163.27649194420704,88
88,140.0,216.1287633777778,0.0934053643356342,0.880192090467355,253.94138040833323,0.4235699696417104,216.1287633777778,253.94138040833323,88
89,40000.0,0.0,0.0013799707379828,0.8942689462673483,112.4912727136777,0.1408387254548864,0.0,112.4912727136777,89
89,700.0,41.646340693333336,0.0296563304852739,0.8855886605047352,119.32660956466611,0.5035424345071412,41.646340693333336,119.32660956466611,89
89,340.0,81.71563719111111,0.2254448050978966,0.8887322490061543,125.41806938726712,0.4683504063677029,81.71563719111111,125.41806938726712,89
89,220.0,124.46658752,0.0998666153989929,0.8940771780267429,134.20316967780408,0.0513489069550048,124.46658752,134.20316967780408,89
89,180.0,149.7785562311111,0.0365477541409226,0.8944071020449078,144.50065804947874,0.47120075641759,149.7785562311111,144.50065804947874,89
89,140.0,212.6513189688889,0.1913237022341087,0.892698937321711,218.14974732340747,0.080977742280957,212.6513189688889,218.14974732340747,89
89,120.0,218.98444046222224,0.0632668311319558,0.8910213994249556,260.30423275815207,0.1452997120294174,218.98444046222224,260.30423275815207,89
91,40000.0,0.0,0.0018555833442922,0.911566914425698,112.53490680109716,0.0402093808811596,0.0,112.53490680109716,91
91,700.0,40.082860088888886,0.0529150774120314,0.9146450101118484,118.44719821871324,0.0381344881509284,40.082860088888886,118.44719821871324,91
91,300.0,97.49450801777778,0.0470711548029356,0.9054479346244904,127.44756059021718,0.0869621903317948,97.49450801777778,127.44756059021718,91
91,220.0,126.66677717333334,0.0342140020953746,0.9056271941736596,134.1156262940157,0.042062243002452,126.66677717333334,134.1156262940157,91
91,180.0,150.35664341333336,0.051987741813855,0.9061113766915708,143.31451719667407,0.0672331425218493,150.35664341333336,143.31451719667407,91
91,140.0,214.0132337777778,0.3069556238704083,0.905658954168261,216.10708786414276,0.1056713932607555,214.0132337777778,216.10708786414276,91
91,10.0,223.21428942222224,0.0375447313818452,0.9141603130868684,326.8323286124445,0.3648665482076148,223.21428942222224,326.8323286124445,91
92,40000.0,0.0,0.0006259403950323,0.9206379699654862,112.5115976146002,0.055874664149331,0.0,112.5115976146002,92
92,600.0,46.46219968,,0.91504248872159,119.14519003550144,0.0739429309721071,46.46219968,119.14519003550144,92
92,300.0,89.33534705777778,0.0600369718634148,0.9190066090943638,125.78871411522198,0.4569579574142823,89.33534705777778,125.78871411522198,92
92,200.0,124.95679964444446,0.1228400997061403,0.9194167380158283,132.831458873659,0.0331525029683054,124.95679964444446,132.831458873659,92
92,160.0,150.74196878222224,0.1164937202467727,0.9197191811618832,141.85463709910036,0.1047502486759813,150.74196878222224,141.85463709910036,92
92,140.0,207.81444977777775,0.1628178304414574,0.920176032567334,194.09911243220105,0.3640054638381965,207.81444977777775,194.09911243220105,92
92,120.0,220.52109048888892,0.0821614868807853,0.9192196369394948,241.91235396324805,0.0657954635436179,220.52109048888892,241.91235396324805,92
93,5000.0,0.0,0.0042758275653832,0.925225655687363,113.2401419019427,0.047671731480569,0.0,113.2401419019427,93
93,600.0,47.81461937777778,0.0071933738527751,0.9296185470189028,119.1360284108827,0.0202374516830364,47.81461937777778,119.1360284108827,93
93,300.0,91.95446641777778,0.0624680834265825,0.9333497315217768,125.55728878577696,0.0478248449388349,91.95446641777778,125.55728878577696,93
93,200.0,128.2139256177778,0.0123205321107964,0.933925679678529,132.97830115849754,0.4932829981167909,128.2139256177778,132.97830115849754,93
93,160.0,155.39656234666668,0.1960908015750715,0.9342004313214752,142.2249435273209,0.0414899582953066,155.39656234666668,142.2249435273209,93
93,140.0,210.9474245688889,0.0508620927590372,0.9340480684344736,194.53337668635152,0.0903453746159212,210.9474245688889,194.53337668635152,93
93,120.0,222.4172987022222,0.0094957379434421,0.9332577296252674,240.42901907069356,0.233031605065784,222.4172987022222,240.42901907069356,93
95,220.0,107.87298474666666,0.3073946070837288,0.9475245997309456,127.8899797285257,0.0119143282188137,107.87298474666666,127.8899797285257,95
95,160.0,139.61553322666668,0.1283606263954324,0.948040286921915,135.01626940051884,0.0876816610940104,139.61553322666668,135.01626940051884,95
95,140.0,185.36951594666667,0.1049133630517775,0.948124496534137,158.99153335313795,0.1117248736371203,185.36951594666667,158.99153335313795,95
95,120.0,211.3996296533333,0.0779041740816769,0.948003404073392,189.31243400287437,0.1863929686797447,211.3996296533333,189.31243400287437,95
95,100.0,225.93797112888888,0.1161984960438798,0.9475537997099568,240.53072034426353,0.3148342970242345,225.93797112888888,240.53072034426353,95
96,5000.0,0.0,0.0101367366725544,0.9561026702862968,113.03475232586538,0.0391941331278117,0.0,113.03475232586538,96
96,450.0,57.81101923555556,0.0290122207554027,0.9617750427651018,120.03613718062972,0.0598880998942377,57.81101923555556,120.03613718062972,96
96,220.0,110.93267114666668,0.0242063189238378,0.9634042676628872,127.83529031861838,0.0695858372832051,110.93267114666668,127.83529031861838,96
96,140.0,193.57319146666669,0.1249459777760365,0.963769838921361,161.6609239036762,0.1100581965978639,193.57319146666669,161.6609239036762,96
96,120.0,218.9173713066667,0.1133692861349661,0.963794798209034,195.5077526484365,0.0739744478823833,218.9173713066667,195.5077526484365,96
96,100.0,230.1789334755556,0.0462338263493079,0.9634657263765932,251.5593662472844,0.682691288172833,230.1789334755556,251.5593662472844,96
98,3000.0,0.0,0.0115632807538462,0.9757135571525822,113.40759210467591,0.0527900729583775,0.0,113.40759210467591,98
98,380.0,59.98551722666667,0.1354585272463286,0.9793849025388202,119.8240495622462,0.1049597714039446,59.98551722666667,119.8240495622462,98
98,200.0,103.50849635555556,0.1172232000247035,0.9802216376801004,125.974518627505,0.092710792032367,103.50849635555556,125.974518627505,98
98,140.0,168.63453482666668,0.0551977084337679,0.9805533448402216,142.0956838193744,0.04253232877269,168.63453482666668,142.0956838193744,98
98,120.0,200.0078028088889,0.249646948529699,0.9804893872775228,159.71365720940466,0.0363655401675753,200.0078028088889,159.71365720940466,98
98,100.0,224.5990981688889,0.0501264806874343,0.9805991537465664,188.13094213296333,0.2709192475806003,224.5990981688889,188.13094213296333,98
98,90.0,234.80600177777777,0.072759375720436,0.9804914255893143,216.8844162130802,0.1661907142127136,234.80600177777777,216.8844162130802,98
100,1500.0,0.0,0.0052314986013237,0.9954359810718256,114.38818218596924,0.0319346818790443,0.0,114.38818218596924,100
100,300.0,70.92450218666669,0.1718741278795205,0.9986918876329036,120.94578518412544,0.0806216448158611,70.92450218666669,120.94578518412544,100
100,160.0,116.89895160888888,0.0946655997315733,0.999183519080192,127.47795377081007,0.1116710622100703,116.89895160888888,127.47795377081007,100
100,140.0,165.2699991466667,0.102630390637073,0.9994834882288176,138.3537168279564,0.0625872302416099,165.2699991466667,138.3537168279564,100
100,120.0,190.2016376177778,0.1003255432721916,0.9996261799222648,147.52396153242435,0.0246031089776005,190.2016376177778,147.52396153242435,100
100,100.0,220.76386012444445,0.1776064599728581,0.9996435158781064,167.07329825875777,0.4933726000213249,220.76386012444445,167.07329825875777,100
100,90.0,234.42161393777775,0.2020336180561475,0.9996787592845956,182.30674317140128,1.154081828085228,234.42161393777775,182.30674317140128,100
100,80.0,242.7790859377778,3.9978429895164,0.9997281229163172,205.9973480144173,9.238640643506896,242.7790859377778,205.9973480144173,100
100,0.0,248.45080156444445,0.1127215123196392,0.9997707055279323,291.5319829408033,0.1840173290572837,248.45080156444445,291.5319829408033,100
